{"infer": [{"batch_size": 16, "channels": 64, "times_leaky": [0.0017940479516983033, 0.0028351359367370607, 0.005636735916137696, 0.011611136436462402, 0.02457907295227051, 0.05207888031005859, 0.11203788757324219, 0.24358416748046874, 0.5236990966796875, 1.1283343505859376], "times_state": [0.0015130560398101806, 0.001480448007583618, 0.0014530559778213501, 0.0017121280431747436, 0.0019998079538345336, 0.0014724160432815553, 0.0018165760040283203, 0.0015912959575653076, 0.002192608118057251, 0.0022693760395050048], "mems_leaky": [0.0234375, 0.0234375, 0.0234375, 0.0234375, 0.0234375, 0.0234375, 0.0234375, 0.0234375, 0.0234375, 0.0234375], "mems_state": [0.15625, 0.328125, 0.71875, 1.5625, 3.359375, 7.25, 15.625, 33.65625, 72.515625, 158.125]}, {"batch_size": 32, "channels": 128, "times_leaky": [0.0016744320392608643, 0.0030740480422973633, 0.005814015865325928, 0.012225536346435547, 0.025196544647216795, 0.05372415924072266, 0.11756537628173828, 0.24836927795410157, 0.53126220703125, 1.14486181640625], "times_state": [0.0014803199768066407, 0.0014583359956741333, 0.0018032640218734741, 0.0014172799587249755, 0.0003911679983139038, 0.0014906879663467408, 0.0021514239311218263, 0.002244287967681885, 0.0015777920484542846, 0.0024373440742492675], "mems_leaky": [0.1015625, 0.1015625, 0.1015625, 0.1015625, 0.1015625, 0.1015625, 0.1015625, 0.1015625, 0.1015625, 0.1015625], "mems_state": [0.625, 1.3125, 2.875, 6.25, 13.4375, 29.0, 64.0, 136.0, 291.03125, 625.0]}, {"batch_size": 64, "channels": 256, "times_leaky": [0.0017089920043945313, 0.0029808640480041503, 0.0058643841743469234, 0.01196134376525879, 0.025218048095703126, 0.054209537506103515, 0.11639810943603515, 0.24904103088378907, 0.5354536743164062, 1.1464747314453125], "times_state": [0.0015077120065689086, 0.001390944004058838, 0.0014202879667282104, 0.0015142079591751098, 0.0004782080054283142, 0.002114815950393677, 0.0023603200912475585, 0.0024299519062042237, 0.0008314880132675171, 0.0008438079953193664], "mems_leaky": [0.421875, 0.421875, 0.421875, 0.421875, 0.421875, 0.421875, 0.421875, 0.421875, 0.421875, 0.421875], "mems_state": [2.5, 6.125, 11.5, 25.0, 53.75, 117.0, 251.0, 539.25, 1160.25, 2502.0]}], "train": [{"batch_size": 16, "channels": 64, "times_leaky": [0.03311446380615234, 0.0051998720169067385, 0.010642080307006837, 0.02186240005493164, 0.04460201644897461, 0.09465433502197265, 0.20272349548339844, 0.49604202270507813, 0.9478941040039063, 2.1308046875], "times_state": [0.0021087679862976075, 0.0036268160343170164, 0.003463167905807495, 0.005963776111602783, 0.003966304063796997, 0.003643392086029053, 0.003696768045425415, 0.0040447998046875, 0.005319968223571777, 0.04192623901367187], "mems_leaky": [8.2509765625, 0.21728515625, 0.4248046875, 0.873046875, 1.82763671875, 3.89453125, 8.34375, 17.9228515625, 38.56689453125, 83.05078125], "mems_state": [0.27490234375, 0.58154296875, 1.27685546875, 2.7802734375, 6.380859375, 12.984375, 27.8359375, 59.962890625, 130.55126953125, 283.63134765625]}, {"batch_size": 32, "channels": 128, "times_leaky": [0.0033351678848266603, 0.005489664077758789, 0.011141759872436523, 0.022666303634643555, 0.04666678237915039, 0.09978982543945313, 0.21589605712890625, 0.4583168029785156, 1.0560194091796875, 2.176759765625], "times_state": [0.003316960096359253, 0.003300096035003662, 0.004093952178955078, 0.003398655891418457, 0.0034099199771881103, 0.003903584003448486, 0.004417823791503906, 0.005023744106292725, 0.005984896183013916, 0.007908192157745362], "mems_leaky": [0.4970703125, 0.84619140625, 1.6396484375, 3.353515625, 7.00341796875, 14.90625, 31.91796875, 68.5439453125, 147.47705078125, 317.5625], "mems_state": [1.08837890625, 2.30224609375, 5.06103515625, 12.6181640625, 23.7119140625, 51.19140625, 112.609375, 240.939453125, 513.28564453125, 1103.57666015625]}, {"batch_size": 64, "channels": 256, "times_leaky": [0.003269727945327759, 0.005730271816253662, 0.011182687759399413, 0.022594560623168947, 0.046956607818603516, 0.10058137512207031, 0.21687193298339844, 0.46690701293945314, 1.0024560546875, 2.23273681640625], "times_state": [0.0036304960250854493, 0.0034035520553588865, 0.0010762239694595338, 0.0034611198902130126, 0.0035246078968048096, 0.09444556427001953, 0.005753727912902832, 0.0055920639038085935, 0.0028980159759521484, 0.008303936004638673], "mems_leaky": [1.9931640625, 3.37890625, 6.5283203125, 13.3310546875, 27.818359375, 59.1865234375, 126.7099609375, 272.0869140625, 585.390625, 1260.4990234375], "mems_state": [4.66845703125, 10.95947265625, 20.43408203125, 44.3212890625, 94.421875, 207.91015625, 439.3984375, 947.5166015625, 2039.47509765625, 4399.60791015625]}]}