{"infer": [{"batch_size": 64, "channels": 256, "times_state_8": [0.0050124797821044925, 0.00486195182800293, 0.005268352031707764, 0.005554368019104004, 0.004701536178588867, 0.004860000133514404, 0.005596767902374267, 0.0056772160530090335, 0.005817632198333741, 0.005991487979888916], "times_state_16": [0.003142656087875366, 0.002988032102584839, 0.0035447680950164793, 0.0034816319942474363, 0.0029777920246124266, 0.0036085760593414307, 0.0040367040634155275, 0.004001760005950928, 0.03156588745117188, 0.004277376174926758], "times_state_32": [0.0024720640182495117, 0.0027166399955749513, 0.0020244479179382323, 0.002432032108306885, 0.0025067520141601562, 0.002896895885467529, 0.0030945279598236083, 0.003388159990310669, 0.029541376113891602, 0.004488863945007324], "mems_state_8": [0.3125, 0.65625, 1.4375, 3.125, 6.71875, 14.5, 31.625, 67.65625, 145.03125, 312.5], "mems_state_16": [0.625, 1.3125, 2.875, 6.875, 13.4375, 29.0, 64.0, 136.0, 290.0625, 625.0], "mems_state_32": [1.25, 2.625, 5.75, 12.5, 27.4375, 59.0, 126.5, 271.3125, 583.03125, 1250.0]}], "train": [{"batch_size": 64, "channels": 256, "times_state_8": [0.0388955192565918, 0.022162336349487305, 0.02340015983581543, 0.022722560882568358, 0.02234345626831055, 0.02266316795349121, 0.02343734359741211, 0.023542783737182618, 0.0062698559761047365, 0.023815168380737304], "times_state_16": [0.012071935653686524, 0.011834336280822753, 0.01214185619354248, 0.011910143852233887, 0.002727263927459717, 0.053848190307617186, 0.0096778564453125, 0.012788928031921387, 0.013393919944763183, 0.013441120147705078], "times_state_32": [0.0016179200410842895, 0.001837056040763855, 0.006261824131011963, 0.006476160049438477, 0.009323519706726074, 0.007949664115905761, 0.007750944137573242, 0.0023644158840179443, 0.0079934720993042, 0.0020039680004119874], "mems_state_8": [8.845703125, 1.236328125, 2.59814453125, 5.6572265625, 12.1796875, 26.27734375, 57.0234375, 122.3642578125, 262.89697265625, 566.47509765625], "mems_state_16": [1.189453125, 2.32275390625, 5.10595703125, 11.1181640625, 24.734375, 51.64453125, 113.9609375, 242.2236328125, 517.67822265625, 1113.34228515625], "mems_state_32": [2.17626953125, 4.60400390625, 10.12158203125, 22.0400390625, 48.015625, 102.37890625, 224.4296875, 478.8173828125, 1029.13134765625, 2207.07666015625]}]}