{"infer": [{"batch_size": 64, "channels": 256, "times_leaky_single": [0.009956416130065917, 0.011603967666625976, 0.1344124755859375, 1.603451904296875], "times_leaky_multi": [0.0013975039720535278, 0.01154150390625, 0.13264994812011718, 1.6002354736328126], "times_state_single": [0.0068587841987609866, 0.007374591827392578, 0.006814911842346192, 0.009404767990112304], "times_state_multi": [0.007372799873352051, 0.002077696084976196, 0.0071495680809020995, 0.0069623680114746095], "times_gen2_single": [0.002199552059173584, 0.0022848000526428224, 0.002450432062149048, 0.00346726393699646], "times_gen2_multi": [0.002198528051376343, 0.0022302720546722413, 0.0023019518852233885, 0.003724287986755371], "mems_leaky_single": [0.421875, 0.421875, 0.421875, 0.421875], "mems_leaky_multi": [0.421875, 0.421875, 0.421875, 0.421875], "mems_state_single": [0.15625, 1.890625, 22.921875, 279.4609375], "mems_state_multi": [0.15625, 1.890625, 23.4609375, 279.4609375], "mems_gen2_single": [0.29052734375, 3.51708984375, 43.5751953125, 520.38916015625], "mems_gen2_multi": [0.29052734375, 3.51708984375, 43.5751953125, 520.38916015625]}], "train": [{"batch_size": 64, "channels": 256, "times_leaky_single": [], "times_leaky_multi": [], "times_state_single": [], "times_state_multi": [], "times_gen2_single": [], "times_gen2_multi": [], "mems_leaky_single": [], "mems_leaky_multi": [], "mems_state_single": [], "mems_state_multi": [], "mems_gen2_single": [], "mems_gen2_multi": []}]}