{"infer": [{"batch_size": 64, "channels": 256, "times_state_full": [0.0025128960609436036, 0.0026824638843536376, 0.0020801279544830323, 0.0007014399766921997, 0.04000972747802734, 0.0015496319532394408, 0.0032439680099487305, 0.0036225919723510743, 0.003413952112197876, 0.004119552135467529], "mems_state_full": [1.25, 3.0, 7.375, 19.1875, 46.4375, 110.9375, 271.3125, 659.25, 1616.0, 3952.75], "times_state_k512": [0.0022756481170654297, 0.002705375909805298, 0.0024433600902557372, 0.0025364480018615723, 0.0028723199367523193, 0.0032931840419769287, 0.0032195839881896974, 0.0035000319480895997, 0.0048109121322631836, 0.0012720320224761962], "mems_state_k512": [1.25, 3.0, 7.375, 19.1875, 46.4375, 111.46875, 271.3125, 659.25, 1615.59375, 3952.75], "times_state_k4096": [0.002497567892074585, 0.0026646718978881835, 0.0020674560070037843, 0.002451103925704956, 0.0030088000297546387, 0.0031583681106567385, 0.0036885759830474854, 0.003526655912399292, 0.003738624095916748, 0.004694015979766846], "mems_state_k4096": [1.25, 3.0, 7.375, 18.96875, 46.4375, 110.9375, 271.3125, 659.25, 1615.59375, 3952.75]}], "train": [{"batch_size": 64, "channels": 256, "times_state_full": [0.050544414520263675, 0.07621222686767579, 0.0022361600399017335, 0.0088439359664917, 0.0076574721336364745, 0.007875679969787597, 0.008190976142883302, 0.008430591583251953, 0.008510656356811523, 0.003607935905456543], "mems_state_full": [10.251953125, 5.26611328125, 12.99072265625, 33.13037109375, 83.1103515625, 196.6298828125, 479.1728515625, 1164.97802734375, 2853.3232421875, 6979.28466796875], "times_state_k512": [0.0065383358001708984, 0.006790143966674805, 0.006195199966430664, 0.006785024166107178, 0.0071502399444580075, 0.007531519889831543, 0.007548927783966064, 0.007874688148498536, 0.008728639602661133, 0.004351615905761719], "mems_state_k512": [2.17626953125, 5.26611328125, 12.99072265625, 32.91162109375, 83.1103515625, 185.00390625, 425.00390625, 1005.84765625, 2441.00390625, 5946.09765625], "times_state_k4096": [0.007217152118682861, 0.007331840038299561, 0.0058787841796875, 0.006638463973999024, 0.006446080207824707, 0.008017151832580567, 0.007601151943206787, 0.0077506561279296875, 0.008031359672546387, 0.0085032958984375], "mems_state_k4096": [2.17626953125, 5.26611328125, 12.99072265625, 32.91162109375, 83.1103515625, 196.6298828125, 479.1728515625, 1124.875, 2560.03125, 6065.125]}]}