{"infer": [{"batch_size": 64, "channels": 256, "times_state_8": [0.0011356159448623656, 0.0012202240228652954, 0.005160160064697265, 0.005601280212402344, 0.004678656101226806, 0.00484332799911499, 0.005588992118835449, 0.005740543842315674, 0.0017571840286254882, 0.005970240116119385], "times_state_16": [0.0031283199787139893, 0.0030382399559020995, 0.0035918400287628174, 0.003471168041229248, 0.0030941119194030763, 0.003561471939086914, 0.004085760116577148, 0.004102399826049805, 0.02765225601196289, 0.004291200160980225], "times_state_32": [0.002457376003265381, 0.0027833600044250488, 0.0020582399368286133, 0.002497535943984985, 0.002536288022994995, 0.003043328046798706, 0.0020329599380493166, 0.0009203199744224548, 0.016113632202148436, 0.00369049596786499], "mems_state_8": [0.3125, 0.65625, 1.4375, 3.125, 6.71875, 14.5, 31.625, 67.65625, 145.03125, 312.5], "mems_state_16": [0.625, 1.3125, 2.875, 6.875, 13.4375, 29.0, 64.0, 136.0, 290.0625, 625.0], "mems_state_32": [1.25, 2.625, 5.75, 12.5, 27.4375, 59.0, 126.5, 271.3125, 583.03125, 1250.0]}], "train": [{"batch_size": 64, "channels": 256, "times_state_8": [0.043057823181152345, 0.022777856826782225, 0.02278704071044922, 0.022649120330810547, 0.0226976318359375, 0.022998207092285155, 0.02360316848754883, 0.02339142417907715, 0.08246076965332032, 0.02373865509033203], "times_state_16": [0.012041983604431152, 0.0121561918258667, 0.011924480438232422, 0.011631296157836915, 0.042426368713378904, 0.004645952224731445, 0.004068352222442627, 0.0038287360668182373, 0.013737983703613281, 0.013676544189453126], "times_state_32": [0.006945792198181152, 0.007234623908996582, 0.035168254852294925, 0.006335423946380615, 0.009369600296020507, 0.007857151985168457, 0.008276991844177246, 0.029087743759155273, 0.00790835189819336, 0.008651776313781738], "mems_state_8": [8.845703125, 1.236328125, 2.59814453125, 5.6572265625, 12.1796875, 26.27734375, 57.0234375, 122.3642578125, 262.89697265625, 566.47509765625], "mems_state_16": [1.189453125, 2.32275390625, 5.10595703125, 11.1181640625, 24.734375, 51.64453125, 113.9609375, 242.2236328125, 517.67822265625, 1113.34228515625], "mems_state_32": [2.17626953125, 4.60400390625, 10.12158203125, 22.0400390625, 48.015625, 102.37890625, 224.4296875, 478.8173828125, 1029.13134765625, 2207.07666015625]}]}