{"infer": [{"batch_size": 64, "channels": 256, "times_state_full": [0.002600831985473633, 0.0027207679748535154, 0.0020570240020751952, 0.0025384960174560547, 0.0028723199367523193, 0.0029746239185333254, 0.0032953600883483887, 0.0034641919136047363, 0.0033208320140838622, 0.003982656002044678], "mems_state_full": [1.25, 3.0, 7.375, 19.1875, 46.4375, 110.9375, 271.3125, 659.25, 1616.0, 3952.75], "times_state_k512": [0.002153183937072754, 0.013663616180419922, 0.08288009643554688, 0.0022987840175628664, 0.0028344318866729734, 0.003245055913925171, 0.0016905280351638794, 0.0035122880935668944, 0.0051487040519714354, 0.001243232011795044], "mems_state_k512": [1.25, 3.0, 7.375, 19.1875, 46.4375, 111.46875, 271.3125, 659.25, 1615.59375, 3952.75], "times_state_k4096": [0.00250982403755188, 0.002750688076019287, 0.0020336639881134034, 0.0023941121101379395, 0.00305132794380188, 0.00319651198387146, 0.0032573440074920653, 0.0034920001029968262, 0.003774463891983032, 0.06585753631591797], "mems_state_k4096": [1.25, 3.0, 7.375, 18.96875, 46.4375, 110.9375, 271.3125, 659.25, 1615.59375, 3952.75]}], "train": [{"batch_size": 64, "channels": 256, "times_state_full": [0.03990016174316406, 0.007250912189483642, 0.006836031913757324, 0.008725503921508788, 0.007558303833007813, 0.03767491149902344, 0.10389084625244141, 0.008591391563415528, 0.008182784080505372, 0.0033310720920562745], "mems_state_full": [10.251953125, 5.26611328125, 12.99072265625, 33.13037109375, 83.1103515625, 196.6298828125, 479.1728515625, 1164.97802734375, 2853.3232421875, 6979.28466796875], "times_state_k512": [0.006440927982330322, 0.006959104061126709, 0.006643807888031006, 0.006597631931304931, 0.007397600173950195, 0.007528448104858398, 0.0077608962059021, 0.007882719993591308, 0.008669535636901855, 0.06270975875854493], "mems_state_k512": [2.17626953125, 5.26611328125, 12.99072265625, 32.91162109375, 83.1103515625, 185.00390625, 425.00390625, 1005.84765625, 2441.00390625, 5946.09765625], "times_state_k4096": [0.006422688007354736, 0.007209983825683594, 0.0061497921943664555, 0.00671011209487915, 0.007317887783050537, 0.007753439903259277, 0.007605247974395752, 0.00613699197769165, 0.008121088027954101, 0.08461622619628906], "mems_state_k4096": [2.17626953125, 5.26611328125, 12.99072265625, 32.91162109375, 83.1103515625, 196.6298828125, 479.1728515625, 1124.875, 2560.03125, 6065.125]}]}