{"infer": [{"batch_size": 64, "channels": 256, "times_state_8": [0.005137407779693603, 0.005037055969238281, 0.006212575912475586, 0.004731904029846192, 0.004986944198608398, 0.005579872131347656, 0.005734399795532226, 0.005811200141906738, 0.005911551952362061, 0.00638259220123291], "times_state_16": [0.003130079984664917, 0.0029378559589385987, 0.003731231927871704, 0.003017728090286255, 0.0035011839866638185, 0.009031968116760254, 0.030486528396606444, 0.004449440002441406, 0.004723936080932617, 0.0021227519512176515], "times_state_32": [0.0024879679679870605, 0.002776063919067383, 0.0005478399991989135, 0.0006070719957351684, 0.0021799039840698243, 0.003249151945114136, 0.003338144063949585, 0.00360752010345459, 0.0037171199321746826, 0.004965375900268554], "mems_state_8": [0.3125, 0.75, 1.84375, 5.3984375, 11.9375, 27.734375, 67.65625, 166.40625, 403.796875, 990.09375], "mems_state_16": [0.625, 1.5, 3.6875, 9.125, 22.4375, 56.0, 136.0, 329.625, 807.796875, 1976.375], "mems_state_32": [1.25, 3.0, 7.375, 18.25, 45.65625, 110.9375, 271.3125, 659.25, 1615.59375, 3952.75]}], "train": [{"batch_size": 64, "channels": 256, "times_state_8": [0.09202585601806641, 0.020027231216430665, 0.02268569564819336, 0.022831104278564454, 0.022536191940307617, 0.023629152297973632, 0.023533855438232422, 0.02405887985229492, 0.02376835250854492, 0.023736320495605468], "times_state_16": [0.01197977638244629, 0.012129311561584472, 0.012276896476745605, 0.012275712013244629, 0.012667519569396973, 0.012856415748596191, 0.013191328048706055, 0.013495295524597169, 0.013565952301025391, 0.003110912084579468], "times_state_32": [0.006541440010070801, 0.006731776237487793, 0.005326848030090332, 0.009053248405456543, 0.008472576141357421, 0.007834720134735107, 0.008111104011535645, 0.008481792449951172, 0.008128640174865722, 0.003169280052185059], "mems_state_8": [8.845703125, 1.376953125, 3.33447265625, 9.21630859375, 21.2744140625, 50.5908203125, 123.7431640625, 302.73974609375, 731.8154296875, 1795.13623046875], "mems_state_16": [1.189453125, 2.65673828125, 6.55322265625, 16.23974609375, 39.9541015625, 99.7236328125, 243.6025390625, 587.16943359375, 1439.3232421875, 3520.64404296875], "mems_state_32": [2.17626953125, 5.26611328125, 12.99072265625, 32.19287109375, 83.1103515625, 196.6298828125, 480.1962890625, 1164.40380859375, 2853.3232421875, 6979.28466796875]}]}