{"infer": [{"batch_size": 64, "channels": 256, "times_state_8": [0.00522649621963501, 0.005374591827392578, 0.005382016181945801, 0.0056483840942382815, 0.0047513599395751956, 0.004856095790863037, 0.005608448028564453, 0.005760000228881836, 0.005817152023315429, 0.0014315520524978637], "times_state_16": [0.0031252479553222656, 0.0030787839889526367, 0.003698944091796875, 0.003617664098739624, 0.0030003199577331545, 0.0036888320446014406, 0.004219871997833252, 0.004070400238037109, 0.03353926467895508, 0.004331520080566406], "times_state_32": [0.0025088000297546387, 0.0026019840240478517, 0.0021399040222167967, 0.0024934399127960207, 0.0025507519245147707, 0.0028129279613494872, 0.0032102398872375488, 0.0033277440071105956, 0.04194406509399414, 0.0039290239810943605], "mems_state_8": [0.3125, 0.65625, 1.4375, 3.125, 6.71875, 14.5, 31.625, 67.65625, 145.03125, 312.5], "mems_state_16": [0.625, 1.3125, 2.875, 6.875, 13.4375, 29.0, 64.0, 136.0, 290.0625, 625.0], "mems_state_32": [1.25, 2.625, 5.75, 12.5, 27.4375, 59.0, 126.5, 271.3125, 583.03125, 1250.0]}], "train": [{"batch_size": 64, "channels": 256, "times_state_8": [0.0396011848449707, 0.02233462333679199, 0.01724723243713379, 0.02328678321838379, 0.004879295825958252, 0.022511743545532228, 0.005814559936523437, 0.06842444610595703, 0.007303167819976806, 0.008909824371337891], "times_state_16": [0.01196339225769043, 0.013383999824523925, 0.012119968414306641, 0.0111595516204834, 0.012040543556213378, 0.01307750415802002, 0.007520639896392822, 0.08292774200439453, 0.013580384254455567, 0.013758463859558106], "times_state_32": [0.006938623905181885, 0.007150591850280762, 0.006556447982788086, 0.006672095775604248, 0.00919654369354248, 0.007858399868011474, 0.006958079814910889, 0.031180799484252928, 0.008047616004943848, 0.008835071563720704], "mems_state_8": [8.845703125, 1.236328125, 2.59814453125, 5.6572265625, 12.1796875, 26.27734375, 57.0234375, 122.3642578125, 262.89697265625, 566.47509765625], "mems_state_16": [1.189453125, 2.32275390625, 5.10595703125, 11.1181640625, 24.734375, 51.64453125, 113.9609375, 242.2236328125, 517.67822265625, 1113.34228515625], "mems_state_32": [2.17626953125, 4.60400390625, 10.12158203125, 22.0400390625, 48.015625, 102.37890625, 224.4296875, 478.8173828125, 1029.13134765625, 2207.07666015625]}]}