{"infer": [{"batch_size": 64, "channels": 8, "times_leaky_single": [], "times_leaky_multi": [], "times_state_single": [0.007202688217163086, 0.007514400005340576, 0.0062269439697265625, 0.007172416210174561], "times_state_multi": [0.007529759883880615, 0.001827839970588684, 0.007527679920196533, 0.007399519920349121], "times_gen2_single": [0.003136512041091919, 0.003432447910308838, 0.003411967992782593, 0.003665760040283203], "times_gen2_multi": [0.003043328046798706, 0.0031795198917388915, 0.003305504083633423, 0.0035287039279937745], "mems_leaky_single": [], "mems_leaky_multi": [], "mems_state_single": [0.005859375, 0.060546875, 0.716796875, 8.68359375], "mems_state_multi": [0.005859375, 0.060546875, 0.716796875, 8.68359375], "mems_gen2_single": [0.02294921875, 0.65478515625, 75.6787109375, 10877.55908203125], "mems_gen2_multi": [0.02294921875, 0.65478515625, 75.6787109375, 10877.55908203125]}], "train": [{"batch_size": 64, "channels": 8, "times_leaky_single": [], "times_leaky_multi": [], "times_state_single": [], "times_state_multi": [], "times_gen2_single": [], "times_gen2_multi": [], "mems_leaky_single": [], "mems_leaky_multi": [], "mems_state_single": [], "mems_state_multi": [], "mems_gen2_single": [], "mems_gen2_multi": []}]}