{"infer": [{"batch_size": 64, "channels": 256, "times_state_8": [0.005148672103881836, 0.0049222722053527835, 0.005345280170440674, 0.004806528091430664, 0.004833119869232178, 0.006958784103393555, 0.005721504211425781, 0.0057432641983032225, 0.005970943927764893, 0.006060095787048339], "times_state_16": [0.0031243200302124023, 0.002905280113220215, 0.0009273599982261658, 0.0007086079716682434, 0.0035379519462585447, 0.004267007827758789, 0.0010096640586853027, 0.004446335792541504, 0.004630527973175049, 0.05465599822998047], "times_state_32": [0.002392064094543457, 0.003189759969711304, 0.002051424026489258, 0.0021217279434204103, 0.0027392001152038575, 0.003113984107971191, 0.0032921600341796874, 0.003625983953475952, 0.003708928108215332, 0.0048224000930786135], "mems_state_8": [0.3125, 0.75, 1.84375, 5.3984375, 11.9375, 27.734375, 67.65625, 166.40625, 403.796875, 990.09375], "mems_state_16": [0.625, 1.5, 3.6875, 9.125, 22.4375, 56.0, 136.0, 329.625, 807.796875, 1976.375], "mems_state_32": [1.25, 3.0, 7.375, 18.25, 45.65625, 110.9375, 271.3125, 659.25, 1615.59375, 3952.75]}], "train": [{"batch_size": 64, "channels": 256, "times_state_8": [0.0469381103515625, 0.022029184341430665, 0.02080995178222656, 0.022650976181030274, 0.02289971160888672, 0.023522335052490233, 0.023868415832519533, 0.02371295928955078, 0.023871360778808595, 0.023622751235961914], "times_state_16": [0.010377408027648926, 0.01195315170288086, 0.012259327888488769, 0.011791359901428223, 0.003141472101211548, 0.011076607704162598, 0.012918784141540527, 0.013567328453063965, 0.013022208213806152, 0.0034344959259033202], "times_state_32": [0.0063805441856384275, 0.00683187198638916, 0.0063474240303039555, 0.00900812816619873, 0.007845888137817383, 0.008361056327819824, 0.008230912208557128, 0.008264703750610352, 0.008308735847473145, 0.0032296960353851317], "mems_state_8": [8.845703125, 1.376953125, 3.33447265625, 9.21630859375, 21.2744140625, 50.5908203125, 123.7431640625, 302.73974609375, 731.8154296875, 1795.13623046875], "mems_state_16": [1.189453125, 2.65673828125, 6.55322265625, 16.23974609375, 39.9541015625, 99.7236328125, 243.6025390625, 587.16943359375, 1439.3232421875, 3520.64404296875], "mems_state_32": [2.17626953125, 5.26611328125, 12.99072265625, 32.19287109375, 83.1103515625, 196.6298828125, 480.1962890625, 1164.40380859375, 2853.3232421875, 6979.28466796875]}]}