{"infer": [{"batch_size": 64, "channels": 256, "times_state_8": [0.005145599842071533, 0.004969471931457519, 0.005298175811767578, 0.005707839965820313, 0.0013291200399398804, 0.0048141441345214845, 0.005622943878173828, 0.0058429441452026365, 0.005843103885650635, 0.005964799880981446], "times_state_16": [0.0031276481151580812, 0.0030391678810119628, 0.0033843200206756592, 0.0034068479537963867, 0.003105792045593262, 0.003625024080276489, 0.0037787840366363527, 0.004011104106903076, 0.0045474557876586915, 0.0042854399681091304], "times_state_32": [0.0023449599742889405, 0.002711519956588745, 0.0020958399772644043, 0.0023910400867462158, 0.0025347840785980226, 0.0030094718933105467, 0.0030866239070892333, 0.003454911947250366, 0.0035184640884399414, 0.0036487679481506346], "mems_state_8": [0.3125, 0.65625, 1.4375, 3.125, 6.71875, 14.5, 31.625, 67.65625, 145.03125, 312.5], "mems_state_16": [0.625, 1.3125, 2.875, 6.875, 13.4375, 29.0, 64.0, 136.0, 290.0625, 625.0], "mems_state_32": [1.25, 2.625, 5.75, 12.5, 27.4375, 59.0, 126.5, 271.3125, 583.03125, 1250.0]}], "train": [{"batch_size": 64, "channels": 256, "times_state_8": [0.046050559997558596, 0.022367263793945314, 0.008615263938903809, 0.010100543975830078, 0.009112575531005859, 0.023218271255493163, 0.023568384170532225, 0.02366361618041992, 0.0322408332824707, 0.024290143966674806], "times_state_16": [0.011616479873657227, 0.005686048030853271, 0.007452832221984863, 0.008299360275268555, 0.007873536109924317, 0.012830719947814942, 0.016312480926513672, 0.012967743873596192, 0.008098496437072753, 0.013334527969360351], "times_state_32": [0.006872064113616944, 0.006850815773010254, 0.0057250881195068356, 0.0057292799949646, 0.07017132568359374, 0.00820531177520752, 0.00779088020324707, 0.008508159637451171, 0.00791161584854126, 0.008772640228271485], "mems_state_8": [8.845703125, 1.236328125, 2.59814453125, 5.6572265625, 12.1796875, 26.27734375, 57.0234375, 122.3642578125, 262.89697265625, 566.47509765625], "mems_state_16": [1.189453125, 2.32275390625, 5.10595703125, 11.1181640625, 24.734375, 51.64453125, 113.9609375, 242.2236328125, 517.67822265625, 1113.34228515625], "mems_state_32": [2.17626953125, 4.60400390625, 10.12158203125, 22.0400390625, 48.015625, 102.37890625, 224.4296875, 478.8173828125, 1029.13134765625, 2207.07666015625]}]}