{"infer": [{"batch_size": 64, "channels": 256, "times_leaky_single": [0.009956576347351075, 0.002478111982345581, 0.004663296222686767, 0.009572352409362793, 0.01955936050415039, 0.04094976043701172, 0.09136134338378907, 0.19440946960449218, 0.41132818603515625, 0.88251904296875], "times_leaky_multi": [0.0013864959478378297, 0.002338815927505493, 0.004624671936035156, 0.009364576339721679, 0.019558399200439454, 0.04153036880493164, 0.08910233306884766, 0.19418112182617187, 0.4178647155761719, 0.8892467041015625], "times_state_single": [0.002008671998977661, 0.0014879360198974609, 0.0014807360172271729, 0.001773568034172058, 0.07072083282470704, 0.026258495330810545, 0.0023845760822296144, 0.0024432640075683592, 0.002661375999450684, 0.006376095771789551], "times_state_multi": [0.0017080320119857789, 0.0014757119417190552, 0.002495840072631836, 0.0019527679681777953, 0.0021218879222869875, 0.0022282559871673584, 0.07977574157714844, 0.0023982079029083252, 0.0007912960052490235, 0.0028920960426330566], "times_gen2_single": [0.000676800012588501, 0.0004759359955787659, 0.00048438400030136107, 0.0005867199897766113, 0.0007311360239982605, 0.0008417279720306397, 0.00134553599357605, 0.002726880073547363, 0.00567193603515625, 0.01205561637878418], "times_gen2_multi": [0.000596992015838623, 0.0003924799859523773, 0.00045158401131629945, 0.0005724160075187683, 0.0007516160011291504, 0.000862272024154663, 0.0012935359477996827, 0.002729759931564331, 0.005717919826507568, 0.012014752388000488], "mems_leaky_single": [0.421875, 0.421875, 0.421875, 0.421875, 0.421875, 0.421875, 0.421875, 0.421875, 0.421875, 0.421875], "mems_leaky_multi": [0.421875, 0.421875, 0.421875, 0.421875, 0.421875, 0.421875, 0.421875, 0.421875, 0.421875, 0.421875], "mems_state_single": [2.5, 5.25, 11.5, 25.0, 54.875, 118.0, 251.0, 539.25, 1160.25, 2502.0], "mems_state_multi": [2.5, 5.25, 11.5, 25.0, 54.875, 118.0, 251.0, 539.25, 1160.25, 2502.0], "mems_gen2_single": [5.2734375, 11.07421875, 25.8828125, 52.984375, 116.75390625, 252.3125, 529.09375, 1136.9453125, 2447.40234375, 5280.4375], "mems_gen2_multi": [5.2734375, 11.07421875, 25.8828125, 52.984375, 116.75390625, 252.3125, 529.09375, 1136.9453125, 2447.40234375, 5280.4375]}], "train": [{"batch_size": 64, "channels": 256, "times_leaky_single": [0.06057369613647461, 0.00499721622467041, 0.009629759788513183, 0.018976768493652343, 0.04040703964233398, 0.08651058959960937, 0.18671104431152344, 0.40188711547851563, 0.9628887329101562, 2.0426693115234373], "times_leaky_multi": [0.0032122879028320312, 0.004945087909698487, 0.009541631698608399, 0.019178495407104493, 0.04097945785522461, 0.0864563217163086, 0.18719847106933593, 0.4031313781738281, 0.8793640747070313, 1.985986572265625], "times_state_single": [0.00491212797164917, 0.0034133760929107664, 0.00382259202003479, 0.012753791809082031, 0.01306931209564209, 0.005188191890716553, 0.00560649585723877, 0.005798783779144287, 0.0054980158805847164, 0.006025087833404541], "times_state_multi": [0.003812351942062378, 0.003396575927734375, 0.001133568048477173, 0.0035031039714813234, 0.004417183876037597, 0.005051136016845703, 0.005169375896453858, 0.005590144157409668, 0.005855264186859131, 0.0058726401329040525], "times_gen2_single": [0.0041924800872802735, 0.0013309119939804077, 0.0012554240226745606, 0.0014284800291061402, 0.001829632043838501, 0.0017151999473571777, 0.002418368101119995, 0.003826688051223755, 0.006948736190795899, 0.013131775856018067], "times_gen2_multi": [0.03881907272338867, 0.0012001279592514038, 0.0012544959783554078, 0.0014428160190582276, 0.0017827839851379393, 0.001721119999885559, 0.0023355519771575926, 0.003761120080947876, 0.006810336112976074, 0.013152895927429199], "mems_leaky_single": [10.1142578125, 3.36962890625, 6.5068359375, 13.283203125, 27.71435546875, 58.9609375, 126.22265625, 271.0361328125, 583.12548828125, 1255.6171875], "mems_leaky_multi": [1.9931640625, 3.37890625, 6.5283203125, 13.3310546875, 27.818359375, 59.1865234375, 126.7099609375, 272.0869140625, 585.390625, 1260.4990234375], "mems_state_single": [4.3232421875, 9.146484375, 20.1083984375, 43.78662109375, 97.025390625, 208.458984375, 438.42578125, 946.21240234375, 2034.9609375, 4389.880859375], "mems_state_multi": [4.33251953125, 9.16650390625, 20.21533203125, 43.8837890625, 97.234375, 208.91015625, 439.3984375, 947.3486328125, 2039.47509765625, 4399.60791015625], "mems_gen2_single": [6.5244140625, 14.1376953125, 31.6337890625, 65.4853515625, 145.3173828125, 313.3134765625, 654.0947265625, 1406.1962890625, 3027.5283203125, 6532.4384765625], "mems_gen2_multi": [6.5244140625, 14.1376953125, 31.6337890625, 65.4853515625, 144.7548828125, 313.3134765625, 654.0947265625, 1406.1962890625, 3027.5283203125, 6532.4384765625]}]}