{"infer": [{"batch_size": 64, "channels": 256, "times_leaky_single": [0.010151552200317384, 0.011815808296203613, 0.13793382263183593, 1.6308203125], "times_leaky_multi": [0.0013882559537887573, 0.011776960372924805, 0.13613261413574218, 1.6519503173828125], "times_state_single": [0.007005216121673584, 0.0066490240097045895, 0.006441343784332276, 0.007267327785491944], "times_state_multi": [0.007812096118927002, 0.003398816108703613, 0.004189184188842773, 0.006456352233886718], "times_gen2_single": [0.00345088005065918, 0.0035644159317016603, 0.0034365439414978027, 0.005221375942230225], "times_gen2_multi": [0.003176448106765747, 0.0033116159439086916, 0.003392512083053589, 0.09905766296386719], "mems_leaky_single": [0.421875, 0.421875, 0.421875, 0.421875], "mems_leaky_multi": [0.421875, 0.421875, 0.421875, 0.421875], "mems_state_single": [0.15625, 1.890625, 22.921875, 279.4609375], "mems_state_multi": [0.15625, 1.890625, 23.4609375, 279.4609375], "mems_gen2_single": [1.51025390625, 7.42431640625, 132.14453125, 11555.85009765625], "mems_gen2_multi": [1.51025390625, 7.42431640625, 132.14453125, 11555.85009765625]}], "train": [{"batch_size": 64, "channels": 256, "times_leaky_single": [], "times_leaky_multi": [], "times_state_single": [], "times_state_multi": [], "times_gen2_single": [], "times_gen2_multi": [], "mems_leaky_single": [], "mems_leaky_multi": [], "mems_state_single": [], "mems_state_multi": [], "mems_gen2_single": [], "mems_gen2_multi": []}]}