{"infer": [{"batch_size": 16, "channels": 121, "times_leaky_single": [0.0014735360145568847, 0.0028948800563812255, 0.007135871887207031, 0.019375104904174805, 0.05296022415161133, 0.1481134033203125, 0.41009356689453125, 1.148471435546875, 3.236390869140625, 8.8467041015625], "times_leaky_multi": [0.001317952036857605, 0.002870271921157837, 0.007230463981628418, 0.019308544158935546, 0.05281769561767578, 0.14839500427246094, 0.4114442138671875, 1.1386060791015624, 3.144774658203125, 8.7365869140625], "times_state_single": [0.0006666240096092224, 0.0017868800163269043, 0.0018578879833221435, 0.0014819519519805907, 0.0018034240007400513, 0.0021329920291900633, 0.02085273551940918, 0.002275327920913696, 0.002579456090927124, 0.0030526719093322756], "times_state_multi": [0.0013875520229339599, 0.001444640040397644, 0.001831936001777649, 0.0014315199851989745, 0.001884160041809082, 0.0020590720176696777, 0.0023664960861206055, 0.0024279038906097413, 0.002531327962875366, 0.0034602560997009277], "times_gen2_single": [0.007392255783081054, 0.00045875200629234315, 0.0005990399718284607, 0.000449535995721817, 0.000642848014831543, 0.0006799359917640687, 0.0009622719883918763, 0.0008971199989318847, 0.0010465279817581177, 0.013808639526367187], "times_gen2_multi": [0.0005751039981842041, 0.0004556800127029419, 0.0004949440062046051, 0.00044672000408172607, 0.0005683199763298034, 0.0006555839776992798, 0.0009642879962921142, 0.0007823359966278076, 0.0010168960094451905, 0.013868351936340333], "mems_leaky_single": [0.046875, 0.046875, 0.046875, 0.046875, 0.046875, 0.046875, 0.046875, 0.046875, 0.046875, 0.046875], "mems_leaky_multi": [0.046875, 0.046875, 0.046875, 0.046875, 0.046875, 0.046875, 0.046875, 0.046875, 0.046875, 0.046875], "mems_state_single": [0.296875, 0.798828125, 2.275390625, 6.3515625, 17.6953125, 49.275390625, 137.1015625, 382.76171875, 1062.8232421875, 2955.05078125], "mems_state_multi": [0.296875, 0.798828125, 2.275390625, 6.3515625, 17.6953125, 49.275390625, 137.1015625, 382.76171875, 1062.8232421875, 2955.05078125], "mems_gen2_single": [0.6416015625, 1.7275390625, 4.9130859375, 14.2890625, 38.53955078125, 108.24560546875, 296.75439453125, 827.46142578125, 2295.82763671875, 6379.984375], "mems_gen2_multi": [0.6416015625, 1.7275390625, 4.9130859375, 14.2890625, 38.53955078125, 108.24560546875, 296.75439453125, 827.46142578125, 2295.82763671875, 6379.984375]}], "train": [{"batch_size": 16, "channels": 121, "times_leaky_single": [0.04055039978027344, 0.006091775894165039, 0.01537331199645996, 0.04014067077636719, 0.11094342041015624, 0.30559027099609376, 0.8624742431640625, 2.49627978515625, 7.03297314453125, 19.56371484375], "times_leaky_multi": [0.002775039911270142, 0.006202271938323975, 0.015213567733764649, 0.0401541748046875, 0.10939596557617187, 0.30601422119140625, 0.9088848876953125, 2.522525634765625, 7.0792294921875, 20.08798828125], "times_state_single": [0.0011868159770965577, 0.003529632091522217, 0.003946527957916259, 0.00385369610786438, 0.004067327976226807, 0.0048652801513671875, 0.0053587198257446286, 0.005870816230773926, 0.06703401947021484, 0.017522687911987304], "times_state_multi": [0.003271552085876465, 0.003171328067779541, 0.003619839906692505, 0.0036609280109405518, 0.0035491840839385986, 0.0047216639518737795, 0.001793023943901062, 0.005029888153076172, 0.006405119895935059, 0.0032225279808044435], "times_gen2_single": [0.003880255937576294, 0.001219648003578186, 0.001471776008605957, 0.0012172160148620605, 0.0013287359476089478, 0.0016202880144119262, 0.0019609279632568357, 0.002015039920806885, 0.0066416640281677245, 0.003422208070755005], "times_gen2_multi": [0.0011489280462265014, 0.0011827199459075927, 0.0014178240299224853, 0.0010201280117034912, 0.0012319040298461913, 0.001423359990119934, 0.0019025919437408447, 0.00179094398021698, 0.0020448000431060793, 0.010243391990661621], "mems_leaky_single": [8.44677734375, 0.595703125, 1.4013671875, 3.625, 9.8125, 27.03759765625, 74.9423828125, 208.263671875, 579.23974609375, 1611.48876953125], "mems_leaky_multi": [0.32177734375, 0.595703125, 1.4013671875, 3.625, 9.8125, 27.03759765625, 74.9423828125, 208.263671875, 579.23974609375, 1611.48876953125], "mems_state_single": [0.517578125, 1.40380859375, 4.01171875, 12.17041015625, 31.24365234375, 87.01416015625, 242.1162109375, 676.86328125, 1877.8154296875, 5217.93017578125], "mems_state_multi": [0.52197265625, 1.416015625, 4.046875, 12.26904296875, 31.51806640625, 87.77734375, 244.37939453125, 682.775390625, 1894.2666015625, 5263.70654296875], "mems_gen2_single": [0.791015625, 2.1279296875, 6.0517578125, 18.41845703125, 47.38818359375, 132.63671875, 365.30615234375, 1020.08154296875, 2828.4169921875, 7857.8974609375], "mems_gen2_multi": [0.791015625, 2.1279296875, 6.0517578125, 18.41845703125, 47.38818359375, 132.63671875, 365.30615234375, 1019.46240234375, 2827.82861328125, 7857.8974609375]}]}