{"infer": [{"batch_size": 64, "channels": 256, "times_state_full": [0.013905920028686524, 0.0808404769897461, 0.002001919984817505, 0.002470112085342407, 0.002885215997695923, 0.003156991958618164, 0.003297440052032471, 0.003535871982574463, 0.0035082240104675295, 0.0010936319828033446], "mems_state_full": [1.25, 3.0, 7.375, 19.1875, 46.4375, 110.9375, 271.3125, 659.25, 1616.0, 3952.75], "times_state_k512": [0.0021770238876342774, 0.0026441280841827393, 0.00249020791053772, 0.0025036799907684325, 0.0028767681121826174, 0.0033062078952789307, 0.0033716480731964113, 0.0035112960338592528, 0.004689023971557617, 0.0013015040159225465], "mems_state_k512": [1.25, 3.0, 7.375, 19.1875, 46.4375, 111.46875, 271.3125, 659.25, 1615.59375, 3952.75], "times_state_k4096": [0.002545408010482788, 0.0027002880573272704, 0.002075455904006958, 0.002431999921798706, 0.003065567970275879, 0.003151679992675781, 0.0033207039833068846, 0.0034768319129943846, 0.003896991968154907, 0.004407296180725098], "mems_state_k4096": [1.25, 3.0, 7.375, 18.96875, 46.4375, 110.9375, 271.3125, 659.25, 1615.59375, 3952.75]}], "train": [{"batch_size": 64, "channels": 256, "times_state_full": [0.03484899139404297, 0.007790431976318359, 0.0065957121849060055, 0.008688639640808106, 0.00747219181060791, 0.007727968215942383, 0.008318976402282715, 0.008648703575134278, 0.008219743728637695, 0.011054080009460449], "mems_state_full": [10.251953125, 5.26611328125, 12.99072265625, 33.13037109375, 83.1103515625, 196.6298828125, 479.1728515625, 1164.97802734375, 2853.3232421875, 6979.28466796875], "times_state_k512": [0.006296576023101807, 0.006860799789428711, 0.0062416958808898925, 0.006638591766357422, 0.007367936134338379, 0.007271423816680909, 0.007589888095855713, 0.007946591854095459, 0.005025792121887207, 0.008081695556640626], "mems_state_k512": [2.17626953125, 5.26611328125, 12.99072265625, 32.91162109375, 83.1103515625, 185.00390625, 425.00390625, 1005.84765625, 2441.00390625, 5946.09765625], "times_state_k4096": [0.006464511871337891, 0.0074431681632995605, 0.001547551989555359, 0.0063396477699279785, 0.00735756778717041, 0.008055935859680176, 0.0076193599700927735, 0.006104063987731933, 0.008164735794067382, 0.008979807853698731], "mems_state_k4096": [2.17626953125, 5.26611328125, 12.99072265625, 32.91162109375, 83.1103515625, 196.6298828125, 479.1728515625, 1124.875, 2560.03125, 6065.125]}]}