{"infer": [{"batch_size": 64, "channels": 256, "times_state_8": [0.0011950080394744873, 0.0011192320585250856, 0.004667679786682129, 0.0056995201110839845, 0.004884096145629882, 0.004946176052093506, 0.0056921281814575194, 0.006375584125518799, 0.005991424083709717, 0.0062341117858886715], "times_state_16": [0.0031460158824920654, 0.0030720319747924805, 0.00349183988571167, 0.003552095890045166, 0.003155967950820923, 0.004066304206848144, 0.00405299186706543, 0.0019752960205078125, 0.0011212799549102782, 0.004285408020019531], "times_state_32": [0.002460671901702881, 0.0027688961029052736, 0.0021240320205688475, 0.002450687885284424, 0.002077696084976196, 0.0026808319091796875, 0.0032092480659484863, 0.003417088031768799, 0.0009404159784317017, 0.003708928108215332], "mems_state_8": [0.3125, 0.65625, 1.4375, 3.125, 6.71875, 14.5, 31.625, 67.65625, 145.03125, 312.5], "mems_state_16": [0.625, 1.3125, 2.875, 6.875, 13.4375, 29.0, 64.0, 136.0, 290.0625, 625.0], "mems_state_32": [1.25, 2.625, 5.75, 12.5, 27.4375, 59.0, 126.5, 271.3125, 583.03125, 1250.0]}], "train": [{"batch_size": 64, "channels": 256, "times_state_8": [0.03807929611206055, 0.022453311920166016, 0.022648992538452147, 0.007578656196594238, 0.022504608154296876, 0.024179487228393554, 0.02358675193786621, 0.0237076473236084, 0.008837120056152344, 0.024262655258178712], "times_state_16": [0.012111871719360352, 0.0028958399295806883, 0.012108160018920898, 0.011582464218139648, 0.011950079917907714, 0.012925951957702637, 0.015903743743896484, 0.01286143970489502, 0.013617823600769043, 0.013582752227783204], "times_state_32": [0.006994016170501709, 0.007451648235321045, 0.006272704124450684, 0.06615142059326172, 0.00838105583190918, 0.007566336154937744, 0.010971136093139648, 0.008556544303894043, 0.007924799919128417, 0.00833340835571289], "mems_state_8": [8.845703125, 1.236328125, 2.59814453125, 5.6572265625, 12.1796875, 26.27734375, 57.0234375, 122.3642578125, 262.89697265625, 566.47509765625], "mems_state_16": [1.189453125, 2.32275390625, 5.10595703125, 11.1181640625, 24.734375, 51.64453125, 113.9609375, 242.2236328125, 517.67822265625, 1113.34228515625], "mems_state_32": [2.17626953125, 4.60400390625, 10.12158203125, 22.0400390625, 48.015625, 102.37890625, 224.4296875, 478.8173828125, 1029.13134765625, 2207.07666015625]}]}