{"infer": [{"batch_size": 16, "channels": 121, "times_leaky_single": [0.0015308799743652343, 0.0029156160354614257, 0.0073695359230041505, 0.019570688247680663, 0.05481500625610351, 0.1476936950683594, 0.4163932189941406, 1.151066162109375, 3.226162109375, 8.925375], "times_leaky_multi": [0.0014326080083847045, 0.0029144001007080076, 0.007407616138458252, 0.0195020809173584, 0.05367910385131836, 0.14868684387207032, 0.42618072509765625, 1.15283984375, 3.18202587890625, 8.843375], "times_state_single": [0.0014131200313568116, 0.0018315199613571167, 0.001831936001777649, 0.001405951976776123, 0.0018482880592346192, 0.0022077438831329347, 0.0023543040752410887, 0.0023651840686798094, 0.002604032039642334, 0.00329420804977417], "times_state_multi": [0.0014766080379486084, 0.0014725120067596434, 0.0017155200242996217, 0.0014922239780426026, 0.0018821120262145995, 0.0019630080461502074, 0.018391935348510743, 0.0023684799671173096, 0.002513920068740845, 0.003009536027908325], "times_gen2_single": [0.010013312339782714, 0.0003985919952392578, 0.0005910080075263977, 0.0004999360144138336, 0.0005724160075187683, 0.0007344959974288941, 0.0009256960153579712, 0.0008611840009689331, 0.0010487680435180664, 0.013689215660095216], "times_gen2_multi": [0.000593887984752655, 0.0004537599980831146, 0.0005608959794044494, 0.0003952639997005463, 0.0005939199924468994, 0.0006602240204811096, 0.000980992019176483, 0.07435017395019532, 0.0010048960447311401, 0.013677632331848145], "mems_leaky_single": [0.046875, 0.046875, 0.046875, 0.046875, 0.046875, 0.046875, 0.046875, 0.046875, 0.046875, 0.046875], "mems_leaky_multi": [0.046875, 0.046875, 0.046875, 0.046875, 0.046875, 0.046875, 0.046875, 0.046875, 0.046875, 0.046875], "mems_state_single": [0.296875, 0.798828125, 2.275390625, 6.3515625, 17.6953125, 49.275390625, 137.1015625, 382.76171875, 1062.8232421875, 2955.05078125], "mems_state_multi": [0.296875, 0.798828125, 2.275390625, 6.3515625, 17.6953125, 49.275390625, 137.1015625, 382.76171875, 1062.8232421875, 2955.05078125], "mems_gen2_single": [0.6416015625, 1.7275390625, 4.9130859375, 14.2890625, 38.53955078125, 108.24560546875, 296.75439453125, 827.46142578125, 2295.82763671875, 6379.984375], "mems_gen2_multi": [0.6416015625, 1.7275390625, 4.9130859375, 14.2890625, 38.53955078125, 108.24560546875, 296.75439453125, 827.46142578125, 2295.82763671875, 6379.984375]}], "train": [{"batch_size": 16, "channels": 121, "times_leaky_single": [0.04002918243408203, 0.0061296639442443845, 0.01574092769622803, 0.040939712524414064, 0.20563352966308593, 0.3046911926269531, 0.9619536743164062, 2.58743701171875, 6.961728515625, 19.703275390625], "times_leaky_multi": [0.0028682239055633544, 0.006004735946655273, 0.015277888298034668, 0.04063436889648438, 0.1778422393798828, 0.3058780212402344, 0.8641648559570313, 2.519635009765625, 7.10213720703125, 20.057314453125], "times_state_single": [0.003868736028671265, 0.003423232078552246, 0.004215007781982422, 0.0037939839363098143, 0.004140031814575195, 0.005203968048095703, 0.005391359806060791, 0.006348800182342529, 0.0054271998405456545, 0.02067558479309082], "times_state_multi": [0.003186784029006958, 0.0032706561088562012, 0.0035823040008544924, 0.0033207039833068846, 0.0037274880409240724, 0.004639071941375732, 0.0054783358573913575, 0.004175039768218994, 0.005979135990142822, 0.0019122240543365478], "times_gen2_single": [0.003959808111190796, 0.0013370879888534547, 0.0013547519445419312, 0.0013384319543838501, 0.0013137919902801514, 0.001657855987548828, 0.0019333120584487916, 0.00204800009727478, 0.002091007947921753, 0.003407871961593628], "times_gen2_multi": [0.0012368960380554198, 0.001183743953704834, 0.0013238079547882081, 0.0012666879892349243, 0.0011857919692993164, 0.0016507840156555177, 0.001861631989479065, 0.0017838079929351806, 0.001980672001838684, 0.010614784240722656], "mems_leaky_single": [8.44677734375, 0.595703125, 1.4013671875, 3.625, 9.8125, 27.03759765625, 74.9423828125, 208.263671875, 579.23974609375, 1611.48876953125], "mems_leaky_multi": [0.32177734375, 0.595703125, 1.4013671875, 3.625, 9.8125, 27.03759765625, 74.9423828125, 208.263671875, 579.23974609375, 1611.48876953125], "mems_state_single": [0.517578125, 1.40380859375, 4.01171875, 12.17041015625, 31.24365234375, 87.01416015625, 242.1162109375, 676.86328125, 1877.8154296875, 5217.93017578125], "mems_state_multi": [0.52197265625, 1.416015625, 4.046875, 12.26904296875, 31.51806640625, 87.77734375, 244.37939453125, 682.775390625, 1894.2666015625, 5263.70654296875], "mems_gen2_single": [0.791015625, 2.1279296875, 6.0517578125, 18.41845703125, 47.38818359375, 132.63671875, 365.30615234375, 1020.08154296875, 2828.4169921875, 7857.8974609375], "mems_gen2_multi": [0.791015625, 2.1279296875, 6.0517578125, 18.41845703125, 47.38818359375, 132.63671875, 365.30615234375, 1019.46240234375, 2827.82861328125, 7857.8974609375]}]}