{"infer": [{"batch_size": 16, "channels": 64, "times_leaky": [0.001695744037628174, 0.002858175992965698, 0.0056767997741699215, 0.011695103645324707, 0.025534528732299805, 0.052152320861816405, 0.11303833770751953, 0.24157901000976562, 0.5199551391601562, 1.1212830810546874], "times_state": [0.0015121599435806274, 0.0008837119936943055, 0.0014667520523071289, 0.00183513605594635, 0.0019650559425354003, 0.0013550399541854858, 0.0018595839738845825, 0.0018521599769592285, 0.00224182391166687, 0.0021688640117645264], "mems_leaky": [0.0234375, 0.0234375, 0.0234375, 0.0234375, 0.0234375, 0.0234375, 0.0234375, 0.0234375, 0.0234375, 0.0234375], "mems_state": [0.15625, 0.328125, 0.71875, 1.5625, 3.359375, 7.25, 15.625, 33.65625, 72.515625, 158.125]}, {"batch_size": 32, "channels": 128, "times_leaky": [0.001667072057723999, 0.002934015989303589, 0.0059361281394958495, 0.012270784378051758, 0.025612287521362305, 0.05382758331298828, 0.11580006408691407, 0.24848690795898437, 0.5342463989257813, 1.143410888671875], "times_state": [0.0014970879554748536, 0.0015238399505615235, 0.0018623039722442628, 0.0014366719722747803, 0.0014254080057144165, 0.0015022079944610595, 0.0006635519862174988, 0.0022558720111846924, 0.0023941121101379395, 0.002376703977584839], "mems_leaky": [0.1015625, 0.1015625, 0.1015625, 0.1015625, 0.1015625, 0.1015625, 0.1015625, 0.1015625, 0.1015625, 0.1015625], "mems_state": [0.625, 1.3125, 2.875, 6.25, 13.4375, 29.0, 64.0, 136.0, 291.03125, 625.0]}, {"batch_size": 64, "channels": 256, "times_leaky": [0.0016762880086898804, 0.003290112018585205, 0.005813183784484863, 0.012009471893310546, 0.025160287857055662, 0.05395251083374023, 0.11417622375488282, 0.2465996856689453, 0.5281597290039063, 1.1495567626953125], "times_state": [0.0014684159755706788, 0.0025384960174560547, 0.00041094401478767396, 0.001476863980293274, 0.0014223359823226929, 0.08568793487548829, 0.0023490560054779054, 0.002440000057220459, 0.002490367889404297, 0.0029559040069580076], "mems_leaky": [0.421875, 0.421875, 0.421875, 0.421875, 0.421875, 0.421875, 0.421875, 0.421875, 0.421875, 0.421875], "mems_state": [2.5, 6.125, 11.5, 25.0, 53.75, 117.0, 251.0, 539.25, 1160.25, 2502.0]}], "train": [{"batch_size": 16, "channels": 64, "times_leaky": [0.04997526550292969, 0.005529248237609864, 0.010659839630126953, 0.021651456832885742, 0.04494643020629883, 0.09639746856689453, 0.204706787109375, 0.4383201904296875, 0.9541417236328125, 2.155950927734375], "times_state": [0.0042854399681091304, 0.0032839679718017576, 0.0027639360427856446, 0.005945568084716797, 0.004054368019104004, 0.0032647359371185303, 0.003841023921966553, 0.004273151874542237, 0.004744256019592285, 0.004846591949462891], "mems_leaky": [8.2509765625, 0.21728515625, 0.4248046875, 0.873046875, 1.82763671875, 3.89453125, 8.34375, 17.9228515625, 38.56689453125, 83.05078125], "mems_state": [0.27490234375, 0.58154296875, 1.27685546875, 2.7802734375, 6.380859375, 12.984375, 27.8359375, 59.962890625, 130.55126953125, 283.63134765625]}, {"batch_size": 32, "channels": 128, "times_leaky": [0.0031199679374694822, 0.0055244798660278325, 0.011032575607299805, 0.022548543930053712, 0.04683366394042969, 0.09919795227050782, 0.2918828430175781, 0.5423790283203125, 0.9835950317382812, 2.2620712890625], "times_state": [0.003370016098022461, 0.001210368037223816, 0.004123648166656494, 0.003375103950500488, 0.0034740800857543945, 0.004050943851470947, 0.004775936126708984, 0.01588764762878418, 0.005992191791534424, 0.007775231838226319], "mems_leaky": [0.4970703125, 0.84619140625, 1.6396484375, 3.353515625, 7.00341796875, 14.90625, 31.91796875, 68.5439453125, 147.47705078125, 317.5625], "mems_state": [1.08837890625, 2.30224609375, 5.06103515625, 12.6181640625, 23.7119140625, 51.19140625, 112.609375, 240.939453125, 513.28564453125, 1103.57666015625]}, {"batch_size": 64, "channels": 256, "times_leaky": [0.0033187839984893798, 0.006118400096893311, 0.010708959579467773, 0.02211529541015625, 0.047296417236328124, 0.10322780609130859, 0.21936639404296876, 0.46590667724609375, 1.0887884521484374, 2.245146728515625], "times_state": [0.0036075520515441895, 0.0034887681007385253, 0.0031793599128723143, 0.0009164800047874451, 0.003276416063308716, 0.004370431900024414, 0.0051643199920654295, 0.005277664184570313, 0.005398528099060058, 0.007400191783905029], "mems_leaky": [1.9931640625, 3.37890625, 6.5283203125, 13.3310546875, 27.818359375, 59.1865234375, 126.7099609375, 272.0869140625, 585.390625, 1260.4990234375], "mems_state": [4.66845703125, 10.95947265625, 20.43408203125, 44.3212890625, 94.421875, 207.91015625, 439.3984375, 947.5166015625, 2039.47509765625, 4399.60791015625]}]}