{"infer": [{"batch_size": 64, "channels": 256, "times_state_8": [0.0050954241752624516, 0.004930240154266357, 0.0053309440612792965, 0.0049387521743774416, 0.004977663993835449, 0.005595136165618897, 0.005798912048339844, 0.005855904102325439, 0.004074848175048828, 0.0014675519466400147], "times_state_16": [0.003102047920227051, 0.003127295970916748, 0.003792736053466797, 0.0030248959064483644, 0.00359769606590271, 0.0040722241401672365, 0.003984384059906006, 0.004494592189788819, 0.001645568013191223, 0.004777247905731201], "times_state_32": [0.002421760082244873, 0.002815999984741211, 0.0021090240478515627, 0.0021807680130004883, 0.0027402238845825196, 0.0031384000778198243, 0.003393631935119629, 0.0033443200588226317, 0.0037836799621582032, 0.004803647994995117], "mems_state_8": [0.3125, 0.75, 1.84375, 5.3984375, 11.9375, 27.734375, 67.65625, 166.40625, 403.796875, 990.09375], "mems_state_16": [0.625, 1.5, 3.6875, 9.125, 22.4375, 56.0, 136.0, 329.625, 807.796875, 1976.375], "mems_state_32": [1.25, 3.0, 7.375, 18.25, 45.65625, 110.9375, 271.3125, 659.25, 1615.59375, 3952.75]}], "train": [{"batch_size": 64, "channels": 256, "times_state_8": [0.03353091049194336, 0.00852684783935547, 0.00959222412109375, 0.009719807624816895, 0.004056064128875733, 0.009272480010986328, 0.006246399879455566, 0.009189215660095215, 0.006673408031463623, 0.02369843292236328], "times_state_16": [0.007921440124511719, 0.00773635196685791, 0.0387751350402832, 0.007781375885009765, 0.007320576190948487, 0.00728166389465332, 0.007501920223236084, 0.008613887786865235, 0.00759603214263916, 0.005069952011108398], "times_state_32": [0.021239839553833007, 0.006064127922058105, 0.005879712104797363, 0.0072499198913574215, 0.0068446722030639645, 0.0069222722053527835, 0.007364607810974121, 0.008408063888549805, 0.0070759358406066895, 0.003027967929840088], "mems_state_8": [8.845703125, 1.376953125, 3.33447265625, 9.21630859375, 21.2744140625, 50.5908203125, 123.7431640625, 302.73974609375, 731.8154296875, 1795.13623046875], "mems_state_16": [1.189453125, 2.65673828125, 6.55322265625, 16.23974609375, 39.9541015625, 99.7236328125, 243.6025390625, 587.16943359375, 1439.3232421875, 3520.64404296875], "mems_state_32": [2.17626953125, 5.26611328125, 12.99072265625, 32.19287109375, 83.1103515625, 196.6298828125, 480.1962890625, 1164.40380859375, 2853.3232421875, 6979.28466796875]}]}