{"infer": [{"batch_size": 64, "channels": 256, "times_state_8": [0.00522649621963501, 0.004943871974945068, 0.005228544235229492, 0.0013854399919509888, 0.0011195199489593506, 0.00475551986694336, 0.005524703979492188, 0.07281222534179688, 0.00607260799407959, 0.006091104030609131], "times_state_16": [0.0007658879756927491, 0.0008294399976730346, 0.0035888640880584717, 0.00341811203956604, 0.0030645759105682375, 0.0037783360481262207, 0.004314112186431885, 0.004022272109985352, 0.00464793586730957, 0.001435647964477539], "times_state_32": [0.002441215991973877, 0.0026842238903045652, 0.0021157441139221193, 0.002520064115524292, 0.002430975914001465, 0.002991071939468384, 0.0031116480827331544, 0.0034140160083770753, 0.003398816108703613, 0.0037847039699554445], "mems_state_8": [0.3125, 0.65625, 1.4375, 3.125, 6.71875, 14.5, 31.625, 67.65625, 145.03125, 312.5], "mems_state_16": [0.625, 1.3125, 2.875, 6.875, 13.4375, 29.0, 64.0, 136.0, 290.0625, 625.0], "mems_state_32": [1.25, 2.625, 5.75, 12.5, 27.4375, 59.0, 126.5, 271.3125, 583.03125, 1250.0]}], "train": [{"batch_size": 64, "channels": 256, "times_state_8": [0.04206086349487305, 0.022205440521240235, 0.022770431518554686, 0.023026687622070312, 0.022756576538085938, 0.023212032318115236, 0.023767744064331055, 0.023513088226318358, 0.02438860893249512, 0.06465936279296874], "times_state_16": [0.0037849600315093992, 0.011733152389526368, 0.012031007766723632, 0.011594847679138183, 0.012134336471557617, 0.013078240394592286, 0.013043871879577637, 0.012865535736083985, 0.013452287673950195, 0.013520895957946777], "times_state_32": [0.006377471923828125, 0.006976511955261231, 0.006515711784362793, 0.0065474557876586915, 0.00943500804901123, 0.007954271793365478, 0.007990111827850341, 0.008335647583007812, 0.0078471360206604, 0.00889241600036621], "mems_state_8": [8.845703125, 1.236328125, 2.59814453125, 5.6572265625, 12.1796875, 26.27734375, 57.0234375, 122.3642578125, 262.89697265625, 566.47509765625], "mems_state_16": [1.189453125, 2.32275390625, 5.10595703125, 11.1181640625, 24.734375, 51.64453125, 113.9609375, 242.2236328125, 517.67822265625, 1113.34228515625], "mems_state_32": [2.17626953125, 4.60400390625, 10.12158203125, 22.0400390625, 48.015625, 102.37890625, 224.4296875, 478.8173828125, 1029.13134765625, 2207.07666015625]}]}