{"infer": [{"batch_size": 16, "channels": 121, "times_leaky_single": [0.001445888042449951, 0.0029706239700317385, 0.007375872135162354, 0.019780607223510743, 0.053668449401855466, 0.14920294189453126, 0.41656011962890627, 1.1628809814453125, 3.23796484375, 8.9382744140625], "times_leaky_multi": [0.001389855980873108, 0.0030208001136779786, 0.007350272178649903, 0.019458751678466796, 0.05328486251831055, 0.14888102722167967, 0.42030911254882813, 1.156120361328125, 3.20178076171875, 8.875076171875], "times_state_single": [0.0015176000595092773, 0.0017991679906845092, 0.0018161920309066773, 0.0014428160190582276, 0.0018688000440597533, 0.0021122879981994628, 0.002305023908615112, 0.0022650880813598635, 0.0025340800285339354, 0.0031119999885559084], "times_state_multi": [0.0014049279689788818, 0.0014910080432891846, 0.0018442239761352539, 0.0015187519788742066, 0.0018407360315322876, 0.002031424045562744, 0.0023613440990447997, 0.00250163197517395, 0.0024791040420532227, 0.0030494720935821534], "times_gen2_single": [0.007932767868041993, 0.00045363199710845946, 0.0005314880013465881, 0.00048025599122047426, 0.0006166719794273377, 0.0006646080017089844, 0.0009666560292243958, 0.0009308159947395325, 0.0011192320585250856, 0.013782048225402832], "times_gen2_multi": [0.0005990399718284607, 0.0004843519926071167, 0.0005560320019721985, 0.00047814399003982545, 0.0005274879932403565, 0.0006740480065345764, 0.0008960000276565552, 0.000796671986579895, 0.0009849600195884704, 0.01386739158630371], "mems_leaky_single": [0.046875, 0.046875, 0.046875, 0.046875, 0.046875, 0.046875, 0.046875, 0.046875, 0.046875, 0.046875], "mems_leaky_multi": [0.046875, 0.046875, 0.046875, 0.046875, 0.046875, 0.046875, 0.046875, 0.046875, 0.046875, 0.046875], "mems_state_single": [0.296875, 0.798828125, 2.275390625, 6.3515625, 17.6953125, 49.275390625, 137.1015625, 382.76171875, 1062.8232421875, 2955.05078125], "mems_state_multi": [0.296875, 0.798828125, 2.275390625, 6.3515625, 17.6953125, 49.275390625, 137.1015625, 382.76171875, 1062.8232421875, 2955.05078125], "mems_gen2_single": [0.6416015625, 1.7275390625, 4.9130859375, 14.2890625, 38.53955078125, 108.24560546875, 296.75439453125, 827.46142578125, 2295.82763671875, 6379.984375], "mems_gen2_multi": [0.6416015625, 1.7275390625, 4.9130859375, 14.2890625, 38.53955078125, 108.24560546875, 296.75439453125, 827.46142578125, 2295.82763671875, 6379.984375]}], "train": [{"batch_size": 16, "channels": 121, "times_leaky_single": [0.11186669158935547, 0.006101151943206787, 0.015555744171142577, 0.04022784042358398, 0.11023990631103515, 0.362763427734375, 0.8762612915039063, 2.508286865234375, 7.06199755859375, 19.750263671875], "times_leaky_multi": [0.002830336093902588, 0.006191103935241699, 0.015310784339904786, 0.04041932678222656, 0.11104560089111327, 0.31112295532226564, 0.9403607177734375, 2.536880859375, 7.1266796875, 20.156095703125], "times_state_single": [0.004073472023010254, 0.0035277440547943116, 0.004118527889251709, 0.001651711940765381, 0.003861407995223999, 0.005502975940704345, 0.004968448162078858, 0.005848063945770264, 0.0052949762344360355, 0.017481727600097655], "times_state_multi": [0.003232959985733032, 0.0031600959300994874, 0.003645375967025757, 0.0030319359302520754, 0.0034345920085906982, 0.07320780944824219, 0.005062655925750732, 0.004917247772216797, 0.006432767868041992, 0.0017643519639968872], "times_gen2_single": [0.0039448320865631105, 0.0013035520315170287, 0.0762982406616211, 0.00114300799369812, 0.001208191990852356, 0.0016005120277404784, 0.0018462719917297363, 0.0019275840520858764, 0.0020961599349975588, 0.003245055913925171], "times_gen2_multi": [0.0011909120082855224, 0.0011629120111465454, 0.0013199360370635986, 0.0011038080453872681, 0.0011967040300369263, 0.0014349119663238526, 0.0018312000036239623, 0.0018165760040283203, 0.002054368019104004, 0.0102423677444458], "mems_leaky_single": [8.44677734375, 0.595703125, 1.4013671875, 3.625, 9.8125, 27.03759765625, 74.9423828125, 208.263671875, 579.23974609375, 1611.48876953125], "mems_leaky_multi": [0.32177734375, 0.595703125, 1.4013671875, 3.625, 9.8125, 27.03759765625, 74.9423828125, 208.263671875, 579.23974609375, 1611.48876953125], "mems_state_single": [0.517578125, 1.40380859375, 4.01171875, 12.17041015625, 31.24365234375, 87.01416015625, 242.1162109375, 676.86328125, 1877.8154296875, 5217.93017578125], "mems_state_multi": [0.52197265625, 1.416015625, 4.046875, 12.26904296875, 31.51806640625, 87.77734375, 244.37939453125, 682.775390625, 1894.2666015625, 5263.70654296875], "mems_gen2_single": [0.791015625, 2.1279296875, 6.0517578125, 18.41845703125, 47.38818359375, 132.63671875, 365.30615234375, 1020.08154296875, 2828.4169921875, 7857.8974609375], "mems_gen2_multi": [0.791015625, 2.1279296875, 6.0517578125, 18.41845703125, 47.38818359375, 132.63671875, 365.30615234375, 1019.46240234375, 2827.82861328125, 7857.8974609375]}]}