{"infer": [{"batch_size": 64, "channels": 256, "times_state_8": [0.002049344062805176, 0.005051392078399658, 0.00544982385635376, 0.005626880168914795, 0.004910272121429443, 0.00495411205291748, 0.00573747205734253, 0.005827583789825439, 0.004931456089019776, 0.00601907205581665], "times_state_16": [0.0031252479553222656, 0.0031046080589294434, 0.0038975360393524168, 0.0036526079177856443, 0.0030188798904418946, 0.003714047908782959, 0.004116479873657227, 0.004136640071868897, 0.042674175262451174, 0.004382719993591308], "times_state_32": [0.0025180160999298097, 0.002702336072921753, 0.0021402881145477295, 0.0025109119415283204, 0.0025415680408477784, 0.0030453760623931885, 0.003186624050140381, 0.0034531199932098387, 0.024363712310791017, 0.003747040033340454], "mems_state_8": [0.3125, 0.65625, 1.4375, 3.125, 6.71875, 14.5, 31.625, 67.65625, 145.03125, 312.5], "mems_state_16": [0.625, 1.3125, 2.875, 6.875, 13.4375, 29.0, 64.0, 136.0, 290.0625, 625.0], "mems_state_32": [1.25, 2.625, 5.75, 12.5, 27.4375, 59.0, 126.5, 271.3125, 583.03125, 1250.0]}], "train": [{"batch_size": 64, "channels": 256, "times_state_8": [0.03498393630981445, 0.010780799865722656, 0.02328985595703125, 0.02387081527709961, 0.022854944229125977, 0.016829248428344726, 0.0662305908203125, 0.03702876663208008, 0.07880806732177735, 0.024167423248291017], "times_state_16": [0.012149951934814452, 0.012552191734313965, 0.022013952255249023, 0.002846719980239868, 0.011834400177001953, 0.008006367683410644, 0.012776448249816894, 0.0694233627319336, 0.013720576286315917, 0.013813759803771973], "times_state_32": [0.015563103675842285, 0.0069212160110473635, 0.006716479778289795, 0.006495232105255127, 0.009443327903747559, 0.007106560230255127, 0.008073535919189453, 0.040272895812988284, 0.007701695919036865, 0.008430944442749024], "mems_state_8": [8.845703125, 1.236328125, 2.59814453125, 5.6572265625, 12.1796875, 26.27734375, 57.0234375, 122.3642578125, 262.89697265625, 566.47509765625], "mems_state_16": [1.189453125, 2.32275390625, 5.10595703125, 11.1181640625, 24.734375, 51.64453125, 113.9609375, 242.2236328125, 517.67822265625, 1113.34228515625], "mems_state_32": [2.17626953125, 4.60400390625, 10.12158203125, 22.0400390625, 48.015625, 102.37890625, 224.4296875, 478.8173828125, 1029.13134765625, 2207.07666015625]}]}