{"infer": [{"batch_size": 64, "channels": 256, "times_state_8": [0.005178688049316406, 0.001156000018119812, 0.005384191989898681, 0.004831520080566407, 0.00525705623626709, 0.005609471797943116, 0.005891071796417236, 0.005967135906219482, 0.005952511787414551, 0.006157311916351318], "times_state_16": [0.003050879955291748, 0.0031150081157684324, 0.003728384017944336, 0.0030904319286346434, 0.0035573759078979493, 0.004112415790557862, 0.004086751937866211, 0.004550655841827392, 0.004663040161132812, 0.004631552219390869], "times_state_32": [0.0025026559829711913, 0.0027054080963134766, 0.002082655906677246, 0.002137984037399292, 0.0028600320816040037, 0.0030853118896484377, 0.0034140160083770753, 0.0036134400367736816, 0.003773439884185791, 0.004613120079040528], "mems_state_8": [0.3125, 0.75, 1.84375, 5.3984375, 11.9375, 27.734375, 67.65625, 166.40625, 403.796875, 990.09375], "mems_state_16": [0.625, 1.5, 3.6875, 9.125, 22.4375, 56.0, 136.0, 329.625, 807.796875, 1976.375], "mems_state_32": [1.25, 3.0, 7.375, 18.25, 45.65625, 110.9375, 271.3125, 659.25, 1615.59375, 3952.75]}], "train": [{"batch_size": 64, "channels": 256, "times_state_8": [0.033473697662353516, 0.022748159408569335, 0.02309222412109375, 0.021963552474975587, 0.009411711692810059, 0.009162528038024902, 0.009848896026611329, 0.00980684757232666, 0.02316048049926758, 0.023401472091674806], "times_state_16": [0.012002304077148437, 0.012377984046936035, 0.012047648429870605, 0.01203104019165039, 0.007985151767730713, 0.023037952423095705, 0.008041472434997558, 0.002599168062210083, 0.013278207778930663, 0.006042975902557373], "times_state_32": [0.006584320068359375, 0.006912000179290771, 0.003700671911239624, 0.018883583068847656, 0.007268352031707764, 0.006782944202423096, 0.007358784198760986, 0.0020746240615844725, 0.008190976142883302, 0.0033361918926239015], "mems_state_8": [8.845703125, 1.376953125, 3.33447265625, 9.21630859375, 21.2744140625, 50.5908203125, 123.7431640625, 302.73974609375, 731.8154296875, 1795.13623046875], "mems_state_16": [1.189453125, 2.65673828125, 6.55322265625, 16.23974609375, 39.9541015625, 99.7236328125, 243.6025390625, 587.16943359375, 1439.3232421875, 3520.64404296875], "mems_state_32": [2.17626953125, 5.26611328125, 12.99072265625, 32.19287109375, 83.1103515625, 196.6298828125, 480.1962890625, 1164.40380859375, 2853.3232421875, 6979.28466796875]}]}