{"infer": [{"batch_size": 64, "channels": 256, "times_state_8": [0.0051653761863708495, 0.0049500160217285155, 0.005226560115814209, 0.004933631896972656, 0.004840447902679444, 0.0056145920753479005, 0.001822975993156433, 0.00656828784942627, 0.005938560009002686, 0.00620851182937622], "times_state_16": [0.0030740480422973633, 0.003130431890487671, 0.0009666560292243958, 0.0015186879634857178, 0.00357369589805603, 0.0041166720390319825, 0.004119552135467529, 0.0044943361282348635, 0.0046020479202270505, 0.001760256052017212], "times_state_32": [0.0024723520278930665, 0.0018769919872283936, 0.002078655958175659, 0.0021667840480804443, 0.002761728048324585, 0.003166208028793335, 0.003459167957305908, 0.003567487955093384, 0.004055039882659912, 0.004529151916503906], "mems_state_8": [0.3125, 0.75, 1.84375, 5.3984375, 11.9375, 27.734375, 67.65625, 166.40625, 403.796875, 990.09375], "mems_state_16": [0.625, 1.5, 3.6875, 9.125, 22.4375, 56.0, 136.0, 329.625, 807.796875, 1976.375], "mems_state_32": [1.25, 3.0, 7.375, 18.25, 45.65625, 110.9375, 271.3125, 659.25, 1615.59375, 3952.75]}], "train": [{"batch_size": 64, "channels": 256, "times_state_8": [0.03500576019287109, 0.009496576309204101, 0.009311488151550293, 0.022640640258789063, 0.0221265926361084, 0.02369740867614746, 0.024100255966186524, 0.023189504623413085, 0.023717824935913085, 0.013788448333740235], "times_state_16": [0.0023503360748291014, 0.007624032020568848, 0.007197792053222656, 0.012125184059143066, 0.012851136207580566, 0.013055935859680175, 0.002881664037704468, 0.013659551620483398, 0.013212672233581543, 0.008616127967834473], "times_state_32": [0.00586137580871582, 0.00588972806930542, 0.005422080039978027, 0.008867839813232421, 0.008762720108032227, 0.007991168022155761, 0.008390656471252441, 0.008403072357177735, 0.0735815658569336, 0.003747136116027832], "mems_state_8": [8.845703125, 1.376953125, 3.33447265625, 9.21630859375, 21.2744140625, 50.5908203125, 123.7431640625, 302.73974609375, 731.8154296875, 1795.13623046875], "mems_state_16": [1.189453125, 2.65673828125, 6.55322265625, 16.23974609375, 39.9541015625, 99.7236328125, 243.6025390625, 587.16943359375, 1439.3232421875, 3520.64404296875], "mems_state_32": [2.17626953125, 5.26611328125, 12.99072265625, 32.19287109375, 83.1103515625, 196.6298828125, 480.1962890625, 1164.40380859375, 2853.3232421875, 6979.28466796875]}]}