{"infer": [{"batch_size": 64, "channels": 256, "times_leaky_single": [0.010477567672729492, 0.00240230393409729, 0.00464896011352539, 0.009429663658142089, 0.02037990379333496, 0.04190016174316406, 0.09149021148681641, 0.194576416015625, 0.42219110107421876, 0.8995297241210938], "times_leaky_multi": [0.0014373760223388673, 0.002379967927932739, 0.004700767993927002, 0.009431903839111327, 0.01978982353210449, 0.04183020782470703, 0.08990924835205077, 0.19565863037109374, 0.4173352355957031, 0.9051566162109375], "times_state_single": [0.0018718080520629882, 0.001371135950088501, 0.001396672010421753, 0.0017963839769363403, 0.0022711360454559324, 0.002244607925415039, 0.0023746559619903566, 0.0024248321056365967, 0.00273305606842041, 0.0010096640586853027], "times_state_multi": [0.0017592320442199707, 0.0014547840356826781, 0.0018575359582901, 0.0018083839416503907, 0.0022179839611053465, 0.0022324159145355226, 0.0023777279853820802, 0.0024494080543518066, 0.0026860480308532717, 0.002975744009017944], "times_gen2_single": [0.0006612160205841064, 0.00048025599122047426, 0.0004147199988365173, 0.0006478719711303711, 0.07631769561767578, 0.0009058880209922791, 0.0012947200536727905, 0.002732032060623169, 0.005686399936676026, 0.012115967750549317], "times_gen2_multi": [0.0005916479825973511, 0.00037187200784683227, 0.0004447680115699768, 0.0005633280277252197, 0.0007720959782600402, 0.0008405759930610657, 0.0013437119722366333, 0.0027216000556945803, 0.005776383876800537, 0.01202995204925537], "mems_leaky_single": [0.421875, 0.421875, 0.421875, 0.421875, 0.421875, 0.421875, 0.421875, 0.421875, 0.421875, 0.421875], "mems_leaky_multi": [0.421875, 0.421875, 0.421875, 0.421875, 0.421875, 0.421875, 0.421875, 0.421875, 0.421875, 0.421875], "mems_state_single": [2.5, 5.25, 11.5, 25.0, 54.875, 118.0, 251.0, 539.25, 1160.25, 2502.0], "mems_state_multi": [2.5, 5.25, 11.5, 25.0, 54.875, 118.0, 251.0, 539.25, 1160.25, 2502.0], "mems_gen2_single": [5.2734375, 11.07421875, 25.8828125, 52.984375, 116.75390625, 252.3125, 529.09375, 1136.9453125, 2447.40234375, 5280.4375], "mems_gen2_multi": [5.2734375, 11.07421875, 25.8828125, 52.984375, 116.75390625, 252.3125, 529.09375, 1136.9453125, 2447.40234375, 5280.4375]}], "train": [{"batch_size": 64, "channels": 256, "times_leaky_single": [0.04888063812255859, 0.00497049617767334, 0.009829248428344727, 0.019624000549316407, 0.04043324661254883, 0.08688441467285156, 0.27350732421875, 0.4124641418457031, 0.8961597290039063, 1.979994384765625], "times_leaky_multi": [0.002974720001220703, 0.004943871974945068, 0.009673727989196777, 0.019499008178710937, 0.04080844879150391, 0.08680754852294922, 0.244600830078125, 0.4919183349609375, 0.9639619140625, 2.0157252197265625], "times_state_single": [0.0047923197746276855, 0.0033761279582977294, 0.0037376320362091063, 0.006833087921142578, 0.004987967967987061, 0.005370880126953125, 0.03304022216796875, 0.005266208171844483, 0.006069151878356933, 0.006107135772705078], "times_state_multi": [0.003865600109100342, 0.0031979520320892336, 0.0038010880947113037, 0.0038154239654541017, 0.004640096187591552, 0.0048752641677856446, 0.004868480205535888, 0.005152768135070801, 0.005873792171478272, 0.005935488224029541], "times_gen2_single": [0.004079904079437256, 0.0013253439664840697, 0.001334879994392395, 0.001409983992576599, 0.023871616363525392, 0.0018127679824829102, 0.0022272000312805176, 0.0036455039978027346, 0.006822239875793457, 0.013217791557312012], "times_gen2_multi": [0.001374176025390625, 0.0012605439424514771, 0.0011592639684677125, 0.001439743995666504, 0.0015769599676132202, 0.001719648003578186, 0.0020152320861816404, 0.003717184066772461, 0.006745503902435303, 0.013127327919006348], "mems_leaky_single": [10.1142578125, 3.36962890625, 6.5068359375, 13.283203125, 27.71435546875, 58.9609375, 126.22265625, 271.0361328125, 583.12548828125, 1255.6171875], "mems_leaky_multi": [1.9931640625, 3.37890625, 6.5283203125, 13.3310546875, 27.818359375, 59.1865234375, 126.7099609375, 272.0869140625, 585.390625, 1260.4990234375], "mems_state_single": [4.3232421875, 9.146484375, 20.1083984375, 43.78662109375, 97.025390625, 208.458984375, 438.42578125, 946.21240234375, 2034.9609375, 4389.880859375], "mems_state_multi": [4.33251953125, 9.16650390625, 20.21533203125, 43.8837890625, 97.234375, 208.91015625, 439.3984375, 947.3486328125, 2039.47509765625, 4399.60791015625], "mems_gen2_single": [6.5244140625, 14.1376953125, 31.6337890625, 65.4853515625, 145.3173828125, 313.3134765625, 654.0947265625, 1406.1962890625, 3027.5283203125, 6532.4384765625], "mems_gen2_multi": [6.5244140625, 14.1376953125, 31.6337890625, 65.4853515625, 144.7548828125, 313.3134765625, 654.0947265625, 1406.1962890625, 3027.5283203125, 6532.4384765625]}]}