{"infer": [{"batch_size": 64, "channels": 64, "times_leaky_single": [0.005796512126922607, 0.01696870422363281, 0.24618170166015624, 3.60526123046875], "times_leaky_multi": [0.001570847988128662, 0.017354976654052733, 0.24497459411621095, 3.58375927734375], "times_state_single": [0.004989952087402344, 0.0048568320274353025, 0.005257215976715088, 0.006316031932830811], "times_state_multi": [0.004918303966522217, 0.004863999843597412, 0.005653503894805908, 0.006714367866516113], "times_gen2_single": [0.0015708160400390624, 0.0017756160497665405, 0.005344255924224854, 0.24723738098144532], "times_gen2_multi": [0.0014417920112609864, 0.0016834559440612794, 0.0029022719860076905, 0.2478981170654297], "mems_leaky_single": [0.10546875, 0.10546875, 0.10546875, 0.10546875], "mems_leaky_multi": [0.10546875, 0.10546875, 0.10546875, 0.10546875], "mems_state_single": [0.078125, 1.140625, 16.828125, 247.76171875], "mems_state_multi": [0.078125, 1.140625, 16.828125, 247.76171875], "mems_gen2_single": [3.984375, 58.171875, 549.451171875, 953.44921875], "mems_gen2_multi": [3.984375, 58.171875, 549.767578125, 953.44921875]}], "train": [{"batch_size": 64, "channels": 64, "times_leaky_single": [0.03279977416992187, 0.03208806228637695, 0.44533746337890623, 6.88470751953125], "times_leaky_multi": [0.003095103979110718, 0.03093302345275879, 0.4456664123535156, 6.99897265625], "times_state_single": [0.023405567169189453, 0.025160703659057617, 0.023384063720703126, 0.033373950958251956], "times_state_multi": [0.021130111694335936, 0.022012832641601563, 0.022357280731201173, 0.057904510498046874], "times_gen2_single": [0.009989983558654785, 0.009959424018859863, 0.027847743988037108, 1.1854776611328126], "times_gen2_multi": [0.007334911823272705, 0.007845888137817383, 0.02785798454284668, 1.1847138671875], "mems_leaky_single": [8.56396484375, 4.75537109375, 68.48583984375, 1003.74951171875], "mems_leaky_multi": [0.43896484375, 4.75537109375, 68.48583984375, 1003.74951171875], "mems_state_single": [0.13818359375, 2.0322265625, 29.998046875, 442.0830078125], "mems_state_multi": [0.14013671875, 2.06689453125, 30.515625, 449.68212890625], "mems_gen2_single": [9.1630859375, 132.6787109375, 1212.5654296875, 1848.0205078125], "mems_gen2_multi": [9.1630859375, 132.6787109375, 1212.5654296875, 1848.0205078125]}]}