{"infer": [{"batch_size": 64, "channels": 256, "times_state_8": [0.005057919979095459, 0.004861855983734131, 0.008667136192321777, 0.0047185921669006346, 0.0011231039762496949, 0.005594336032867432, 0.005727231979370117, 0.005755904197692871, 0.005899263858795166, 0.006009856224060059], "times_state_16": [0.0009370239973068238, 0.0030439679622650145, 0.0035723841190338137, 0.002975744009017944, 0.0035594239234924318, 0.004018976211547852, 0.003997695922851562, 0.004474048137664795, 0.0045240321159362796, 0.0046694397926330565], "times_state_32": [0.002371583938598633, 0.0027372159957885743, 0.0020716800689697264, 0.0021633920669555666, 0.0027310080528259277, 0.003166368007659912, 0.0034055678844451902, 0.0035993599891662596, 0.004071807861328125, 0.004649983882904053], "mems_state_8": [0.3125, 0.75, 1.84375, 5.3984375, 11.9375, 27.734375, 67.65625, 166.40625, 403.796875, 990.09375], "mems_state_16": [0.625, 1.5, 3.6875, 9.125, 22.4375, 56.0, 136.0, 329.625, 807.796875, 1976.375], "mems_state_32": [1.25, 3.0, 7.375, 18.25, 45.65625, 110.9375, 271.3125, 659.25, 1615.59375, 3952.75]}], "train": [{"batch_size": 64, "channels": 256, "times_state_8": [0.03473702239990235, 0.022458751678466796, 0.022822975158691406, 0.022411264419555665, 0.022630720138549804, 0.023618560791015625, 0.0240383358001709, 0.02367180824279785, 0.022363231658935546, 0.024067264556884765], "times_state_16": [0.011947839736938477, 0.012007712364196777, 0.012140543937683105, 0.01188822364807129, 0.012534784317016602, 0.012698623657226562, 0.013693056106567382, 0.013719552040100098, 0.0078919677734375, 0.009448448181152343], "times_state_32": [0.006495391845703125, 0.006700096130371094, 0.006718783855438232, 0.042261505126953126, 0.007657631874084473, 0.0026921920776367186, 0.008350367546081544, 0.00808448028564453, 0.008118271827697754, 0.005625919818878174], "mems_state_8": [8.845703125, 1.376953125, 3.33447265625, 9.21630859375, 21.2744140625, 50.5908203125, 123.7431640625, 302.73974609375, 731.8154296875, 1795.13623046875], "mems_state_16": [1.189453125, 2.65673828125, 6.55322265625, 16.23974609375, 39.9541015625, 99.7236328125, 243.6025390625, 587.16943359375, 1439.3232421875, 3520.64404296875], "mems_state_32": [2.17626953125, 5.26611328125, 12.99072265625, 32.19287109375, 83.1103515625, 196.6298828125, 480.1962890625, 1164.40380859375, 2853.3232421875, 6979.28466796875]}]}