{"infer": [{"batch_size": 64, "channels": 256, "times_state_full": [0.0025311040878295897, 0.002679167985916138, 0.002084736108779907, 0.0024733119010925293, 0.0028880000114440917, 0.003080319881439209, 0.003353503942489624, 0.0035215680599212647, 0.0009297919869422913, 0.00395468807220459], "mems_state_full": [1.25, 3.0, 7.375, 19.1875, 46.4375, 110.9375, 271.3125, 659.25, 1616.0, 3952.75], "times_state_k512": [0.0020901761054992678, 0.0026900479793548586, 0.002446336030960083, 0.002604991912841797, 0.0009731839895248413, 0.03530547332763672, 0.0033534400463104247, 0.0034027519226074218, 0.0012370239496231079, 0.0015226880311965943], "mems_state_k512": [1.25, 3.0, 7.375, 19.1875, 46.4375, 111.46875, 271.3125, 659.25, 1615.59375, 3952.75], "times_state_k4096": [0.07053884887695312, 0.0026978559494018556, 0.0019824639558792116, 0.0025039680004119874, 0.003291136026382446, 0.003101696014404297, 0.0034271359443664553, 0.0035543038845062256, 0.0036998720169067385, 0.00446668815612793], "mems_state_k4096": [1.25, 3.0, 7.375, 18.96875, 46.4375, 110.9375, 271.3125, 659.25, 1615.59375, 3952.75]}], "train": [{"batch_size": 64, "channels": 256, "times_state_full": [0.03463564682006836, 0.007219295978546142, 0.0063498239517211915, 0.00868889617919922, 0.007498752117156982, 0.007937024116516114, 0.008348992347717285, 0.008662015914916991, 0.008188320159912109, 0.011850751876831055], "mems_state_full": [10.251953125, 5.26611328125, 12.99072265625, 33.13037109375, 83.1103515625, 196.6298828125, 479.1728515625, 1164.97802734375, 2853.3232421875, 6979.28466796875], "times_state_k512": [0.006465536117553711, 0.0017244160175323487, 0.06525337219238281, 0.002439903974533081, 0.007355391979217529, 0.007922688007354736, 0.021504928588867187, 0.007996352195739746, 0.008539520263671874, 0.009293472290039063], "mems_state_k512": [2.17626953125, 5.26611328125, 12.99072265625, 32.91162109375, 83.1103515625, 185.00390625, 425.00390625, 1005.84765625, 2441.00390625, 5946.09765625], "times_state_k4096": [0.006448480129241943, 0.007261983871459961, 0.006309887886047363, 0.006343679904937744, 0.00737663984298706, 0.007966720104217529, 0.0075642881393432615, 0.007709695816040039, 0.008211808204650879, 0.008382399559020997], "mems_state_k4096": [2.17626953125, 5.26611328125, 12.99072265625, 32.91162109375, 83.1103515625, 196.6298828125, 479.1728515625, 1124.875, 2560.03125, 6065.125]}]}