{"infer": [{"batch_size": 64, "channels": 256, "times_leaky_single": [0.01004582405090332, 0.005313536167144775, 0.025675775527954102, 0.13534915161132813, 0.705048583984375], "times_leaky_multi": [0.0013857280015945434, 0.005178368091583252, 0.02570854377746582, 0.13513481140136718, 0.6980772094726563], "times_state_single": [0.0018810559511184693, 0.0014872000217437745, 0.0021432321071624756, 0.002614016056060791, 0.0030198400020599366], "times_state_multi": [0.0017387520074844361, 0.0014499839544296264, 0.002035712003707886, 0.001224832057952881, 0.0014837759733200074], "times_gen2_single": [0.0006217280030250549, 0.0005792319774627685, 0.0007035520076751709, 0.00094896000623703, 0.0014958720207214355], "times_gen2_multi": [0.0005517759919166565, 0.0004618239998817444, 0.0006379520297050476, 0.001798143982887268, 0.00921395206451416], "mems_leaky_single": [0.421875, 0.421875, 0.421875, 0.421875, 0.421875], "mems_leaky_multi": [0.421875, 0.421875, 0.421875, 0.421875, 0.421875], "mems_state_single": [2.5, 13.0, 70.75, 367.6875, 1935.875], "mems_state_multi": [2.5, 13.0, 70.75, 367.6875, 1935.875], "mems_gen2_single": [4.0234375, 21.484375, 114.6796875, 592.8203125, 3115.6953125], "mems_gen2_multi": [4.0234375, 21.484375, 114.6796875, 592.8203125, 3115.6953125]}], "train": [{"batch_size": 64, "channels": 256, "times_leaky_single": [0.04011724853515625, 0.010862624168395996, 0.05288755035400391, 0.2809023132324219, 1.4803865966796874], "times_leaky_multi": [0.0030657598972320555, 0.01095587158203125, 0.05373132705688476, 0.27665484619140623, 1.481960205078125], "times_state_single": [0.0026593279838562013, 0.0037212159633636475, 0.002283328056335449, 0.005378367900848388, 0.006624256134033203], "times_state_multi": [0.0038632640838623046, 0.0035942399501800535, 0.004577248096466064, 0.005111616134643554, 0.005653664112091065], "times_gen2_single": [0.004146175861358643, 0.0012666879892349243, 0.002132319927215576, 0.0018606079816818237, 0.002513920068740845], "times_gen2_multi": [0.0012707840204238892, 0.0011685760021209717, 0.001491968035697937, 0.0027248640060424803, 0.010125408172607422], "mems_leaky_single": [10.1142578125, 7.259765625, 35.6201171875, 184.82568359375, 972.2646484375], "mems_leaky_multi": [1.9931640625, 7.2841796875, 35.7548828125, 185.541015625, 976.0439453125], "mems_state_single": [4.3232421875, 23.3017578125, 124.962890625, 645.83447265625, 3395.6494140625], "mems_state_multi": [4.33251953125, 23.28955078125, 125.23291015625, 647.76123046875, 3403.18017578125], "mems_gen2_single": [4.6884765625, 26.0009765625, 135.4384765625, 690.5517578125, 3629.9384765625], "mems_gen2_multi": [4.6884765625, 26.0009765625, 134.8134765625, 690.5517578125, 3629.9384765625]}]}