{"infer": [{"batch_size": 64, "channels": 256, "times_state_8": [0.0012115199565887452, 0.001276703953742981, 0.0012113920450210571, 0.005548160076141357, 0.0047432641983032224, 0.004846591949462891, 0.0055483198165893555, 0.005818367958068848, 0.00587059211730957, 0.006086495876312256], "times_state_16": [0.0030631680488586426, 0.00306278395652771, 0.003526688098907471, 0.0034030399322509766, 0.0030340480804443358, 0.0036321280002593994, 0.004096831798553467, 0.004069375991821289, 0.004470431804656982, 0.004299776077270508], "times_state_32": [0.002421760082244873, 0.0026746881008148193, 0.002111488103866577, 0.002444511890411377, 0.00247705602645874, 0.0030207679271698, 0.0028683838844299316, 0.0033138880729675292, 0.003564543962478638, 0.003731264114379883], "mems_state_8": [0.3125, 0.65625, 1.4375, 3.125, 6.71875, 14.5, 31.625, 67.65625, 145.03125, 312.5], "mems_state_16": [0.625, 1.3125, 2.875, 6.875, 13.4375, 29.0, 64.0, 136.0, 290.0625, 625.0], "mems_state_32": [1.25, 2.625, 5.75, 12.5, 27.4375, 59.0, 126.5, 271.3125, 583.03125, 1250.0]}], "train": [{"batch_size": 64, "channels": 256, "times_state_8": [0.0381563835144043, 0.02208358383178711, 0.016484640121459962, 0.02288217544555664, 0.022286336898803712, 0.023472127914428712, 0.022846624374389647, 0.023570335388183594, 0.004510719776153565, 0.023992319107055664], "times_state_16": [0.011907072067260742, 0.011756544113159179, 0.01235148811340332, 0.011421055793762206, 0.011988127708435058, 0.0070447998046875, 0.057987071990966796, 0.013036447525024414, 0.013820927619934082, 0.013657376289367676], "times_state_32": [0.0064102401733398436, 0.006852608203887939, 0.03133235168457031, 0.006448128223419189, 0.009240575790405273, 0.00791155195236206, 0.007846911907196046, 0.008321344375610351, 0.00782643222808838, 0.008676351547241211], "mems_state_8": [8.845703125, 1.236328125, 2.59814453125, 5.6572265625, 12.1796875, 26.27734375, 57.0234375, 122.3642578125, 262.89697265625, 566.47509765625], "mems_state_16": [1.189453125, 2.32275390625, 5.10595703125, 11.1181640625, 24.734375, 51.64453125, 113.9609375, 242.2236328125, 517.67822265625, 1113.34228515625], "mems_state_32": [2.17626953125, 4.60400390625, 10.12158203125, 22.0400390625, 48.015625, 102.37890625, 224.4296875, 478.8173828125, 1029.13134765625, 2207.07666015625]}]}