{"infer": [{"batch_size": 64, "channels": 256, "times_leaky_single": [0.010003456115722656, 0.0024238080978393555, 0.004766816139221191, 0.009373696327209472, 0.019845823287963867, 0.041143455505371095, 0.09019907379150391, 0.1938145294189453, 0.41437890625, 0.8898527221679687], "times_leaky_multi": [0.0013046079874038696, 0.002401279926300049, 0.004671487808227539, 0.009458016395568848, 0.020254720687866212, 0.041393150329589845, 0.08942899322509766, 0.19333815002441407, 0.4160512084960937, 0.9013226928710938], "times_state_single": [0.0018735040426254273, 0.0014725120067596434, 0.001474560022354126, 0.0018954559564590453, 0.0022220799922943115, 0.0022232959270477295, 0.002042880058288574, 0.002446432113647461, 0.0026405758857727052, 0.0030831360816955568], "times_state_multi": [0.016658111572265624, 0.00040140798687934875, 0.0018278080224990844, 0.0018912960290908814, 0.0021475839614868166, 0.0023030719757080077, 0.002357599973678589, 0.0024279038906097413, 0.002147167921066284, 0.0029093759059906008], "times_gen2_single": [0.0006014400124549865, 0.0004830720126628876, 0.0005026559829711914, 0.0005519359707832337, 0.0008181759715080261, 0.0007980480194091797, 0.0013285119533538818, 0.0026316800117492677, 0.00566374397277832, 0.012069888114929199], "times_gen2_multi": [0.0006021119952201844, 0.00044646400213241576, 0.00040243199467659, 0.0005712959766387939, 0.0007792639732360839, 0.000839680016040802, 0.0013619840145111084, 0.0027146239280700685, 0.005693439960479736, 0.01206595230102539], "mems_leaky_single": [0.421875, 0.421875, 0.421875, 0.421875, 0.421875, 0.421875, 0.421875, 0.421875, 0.421875, 0.421875], "mems_leaky_multi": [0.421875, 0.421875, 0.421875, 0.421875, 0.421875, 0.421875, 0.421875, 0.421875, 0.421875, 0.421875], "mems_state_single": [2.5, 5.25, 11.5, 25.0, 54.875, 118.0, 251.0, 539.25, 1160.25, 2502.0], "mems_state_multi": [2.5, 5.25, 11.5, 25.0, 54.875, 118.0, 251.0, 539.25, 1160.25, 2502.0], "mems_gen2_single": [5.2734375, 11.07421875, 25.8828125, 52.984375, 116.75390625, 252.3125, 529.09375, 1136.9453125, 2447.40234375, 5280.4375], "mems_gen2_multi": [5.2734375, 11.07421875, 25.8828125, 52.984375, 116.75390625, 252.3125, 529.09375, 1136.9453125, 2447.40234375, 5280.4375]}], "train": [{"batch_size": 64, "channels": 256, "times_leaky_single": [0.041218017578125, 0.00490396785736084, 0.00967187213897705, 0.019703807830810546, 0.04045926284790039, 0.08756412506103516, 0.18638131713867187, 0.4069896240234375, 0.8862215576171875, 1.982887939453125], "times_leaky_multi": [0.0032112960815429688, 0.005001215934753418, 0.03209011077880859, 0.020105215072631837, 0.10859101104736328, 0.08756018829345703, 0.18889622497558595, 0.40684771728515623, 0.9849498901367187, 2.00887060546875], "times_state_single": [0.004503551959991455, 0.0010873600244522095, 0.003717184066772461, 0.007146495819091797, 0.004901887893676758, 0.019140703201293945, 0.005290751934051514, 0.005356544017791748, 0.005586880207061768, 0.006929408073425293], "times_state_multi": [0.03932876968383789, 0.003220479965209961, 0.00367411208152771, 0.003837791919708252, 0.004343808174133301, 0.004586783885955811, 0.0047226881980895995, 0.005029823780059815, 0.005279744148254394, 0.006470655918121338], "times_gen2_single": [0.004257791996002197, 0.0013079040050506593, 0.0013428479433059692, 0.001453119993209839, 0.0017776639461517334, 0.001699839949607849, 0.002255136013031006, 0.0035655679702758787, 0.006896768093109131, 0.013058048248291015], "times_gen2_multi": [0.0013527040481567383, 0.0012315839529037475, 0.0012239999771118165, 0.0013547840118408204, 0.0016745920181274413, 0.0016150399446487427, 0.0021575679779052732, 0.0035450880527496337, 0.006841343879699707, 0.013015711784362793], "mems_leaky_single": [10.1142578125, 3.36962890625, 6.5068359375, 13.283203125, 27.71435546875, 58.9609375, 126.22265625, 271.0361328125, 583.12548828125, 1255.6171875], "mems_leaky_multi": [1.9931640625, 3.37890625, 6.5283203125, 13.3310546875, 27.818359375, 59.1865234375, 126.7099609375, 272.0869140625, 585.390625, 1260.4990234375], "mems_state_single": [4.3232421875, 9.146484375, 20.1083984375, 43.78662109375, 97.025390625, 208.458984375, 438.42578125, 946.21240234375, 2034.9609375, 4389.880859375], "mems_state_multi": [4.33251953125, 9.16650390625, 20.21533203125, 43.8837890625, 97.234375, 208.91015625, 439.3984375, 947.3486328125, 2039.47509765625, 4399.60791015625], "mems_gen2_single": [6.5244140625, 14.1376953125, 31.6337890625, 65.4853515625, 145.3173828125, 313.3134765625, 654.0947265625, 1406.1962890625, 3027.5283203125, 6532.4384765625], "mems_gen2_multi": [6.5244140625, 14.1376953125, 31.6337890625, 65.4853515625, 144.7548828125, 313.3134765625, 654.0947265625, 1406.1962890625, 3027.5283203125, 6532.4384765625]}]}