{"infer": [{"batch_size": 64, "channels": 256, "times_state_8": [0.005196767807006836, 0.004940991878509522, 0.005201280117034912, 0.005596159934997558, 0.005596799850463867, 0.0049170880317687985, 0.005627232074737549, 0.005981184005737304, 0.006041888236999512, 0.0060999679565429685], "times_state_16": [0.0008111360073089599, 0.001179967999458313, 0.0017969919443130494, 0.0009209920167922974, 0.0007811200022697449, 0.0036759040355682374, 0.004148032188415527, 0.0010393600463867187, 0.004600959777832031, 0.0019169280529022217], "times_state_32": [0.0024097919464111327, 0.002650399923324585, 0.0021227519512176515, 0.0025180160999298097, 0.0024343678951263426, 0.00304150390625, 0.0031395840644836428, 0.0033936638832092287, 0.003489824056625366, 0.00382259202003479], "mems_state_8": [0.3125, 0.65625, 1.4375, 3.125, 6.71875, 14.5, 31.625, 67.65625, 145.03125, 312.5], "mems_state_16": [0.625, 1.3125, 2.875, 6.875, 13.4375, 29.0, 64.0, 136.0, 290.0625, 625.0], "mems_state_32": [1.25, 2.625, 5.75, 12.5, 27.4375, 59.0, 126.5, 271.3125, 583.03125, 1250.0]}], "train": [{"batch_size": 64, "channels": 256, "times_state_8": [0.038662143707275394, 0.02269696044921875, 0.023014400482177736, 0.023592960357666014, 0.02291097640991211, 0.023539743423461913, 0.024273632049560546, 0.024585216522216798, 0.024450752258300783, 0.009608192443847656], "times_state_16": [0.01195622444152832, 0.011402655601501464, 0.012430015563964844, 0.012072128295898437, 0.0028723199367523193, 0.013294591903686523, 0.012414976119995117, 0.012785663604736328, 0.003646336078643799, 0.008422528266906738], "times_state_32": [0.006627327919006347, 0.007120895862579346, 0.0064471039772033695, 0.006500351905822754, 0.009444352149963378, 0.008003583908081055, 0.008025312423706054, 0.008526911735534668, 0.007994368076324462, 0.007685120105743408], "mems_state_8": [8.845703125, 1.236328125, 2.59814453125, 5.6572265625, 12.1796875, 26.27734375, 57.0234375, 122.3642578125, 262.89697265625, 566.47509765625], "mems_state_16": [1.189453125, 2.32275390625, 5.10595703125, 11.1181640625, 24.734375, 51.64453125, 113.9609375, 242.2236328125, 517.67822265625, 1113.34228515625], "mems_state_32": [2.17626953125, 4.60400390625, 10.12158203125, 22.0400390625, 48.015625, 102.37890625, 224.4296875, 478.8173828125, 1029.13134765625, 2207.07666015625]}]}