{"infer": [{"batch_size": 64, "channels": 256, "times_state_8": [0.0051651840209960935, 0.0059369921684265135, 0.005328991889953613, 0.005530623912811279, 0.005319519996643067, 0.004955135822296143, 0.005573855876922607, 0.0057712640762329105, 0.005962751865386963, 0.07154994964599609], "times_state_16": [0.003077440023422241, 0.003076064109802246, 0.003649535894393921, 0.0034795839786529543, 0.0030567998886108397, 0.0036710400581359865, 0.004072256088256836, 0.004068352222442627, 0.0045127677917480465, 0.004208640098571777], "times_state_32": [0.0024596478939056397, 0.0026911358833312986, 0.0009010559916496276, 0.035390270233154296, 0.002111583948135376, 0.0008468480110168457, 0.06382390213012695, 0.022457408905029296, 0.003555327892303467, 0.003759200096130371], "mems_state_8": [0.3125, 0.65625, 1.4375, 3.125, 6.71875, 14.5, 31.625, 67.65625, 145.03125, 312.5], "mems_state_16": [0.625, 1.3125, 2.875, 6.875, 13.4375, 29.0, 64.0, 136.0, 290.0625, 625.0], "mems_state_32": [1.25, 2.625, 5.75, 12.5, 27.4375, 59.0, 126.5, 271.3125, 583.03125, 1250.0]}], "train": [{"batch_size": 64, "channels": 256, "times_state_8": [0.08137318420410156, 0.010863615989685058, 0.022542591094970702, 0.02284851264953613, 0.02245734405517578, 0.02342633628845215, 0.023561471939086913, 0.023599327087402342, 0.024168447494506837, 0.009312255859375], "times_state_16": [0.0049276800155639644, 0.012056256294250488, 0.012254176139831542, 0.011440128326416015, 0.011995776176452637, 0.01334598445892334, 0.012733216285705567, 0.008123552322387696, 0.013434880256652832, 0.009146656036376953], "times_state_32": [0.006741407871246338, 0.006946815967559815, 0.006708032131195069, 0.006632192134857178, 0.009372672080993653, 0.007938047885894776, 0.00781824016571045, 0.007028575897216797, 0.006960351943969726, 0.002130944013595581], "mems_state_8": [8.845703125, 1.236328125, 2.59814453125, 5.6572265625, 12.1796875, 26.27734375, 57.0234375, 122.3642578125, 262.89697265625, 566.47509765625], "mems_state_16": [1.189453125, 2.32275390625, 5.10595703125, 11.1181640625, 24.734375, 51.64453125, 113.9609375, 242.2236328125, 517.67822265625, 1113.34228515625], "mems_state_32": [2.17626953125, 4.60400390625, 10.12158203125, 22.0400390625, 48.015625, 102.37890625, 224.4296875, 478.8173828125, 1029.13134765625, 2207.07666015625]}]}