{"infer": [{"batch_size": 64, "channels": 256, "times_state_8": [0.005183167934417724, 0.005697535991668701, 0.0052367358207702636, 0.00568832015991211, 0.004834303855895996, 0.005067584037780762, 0.005530623912811279, 0.00602623987197876, 0.005893119812011719, 0.006018784046173096], "times_state_16": [0.003077120065689087, 0.003088383913040161, 0.0035583040714263917, 0.0033894400596618654, 0.0007791680097579956, 0.0037040960788726806, 0.002876415967941284, 0.004259200096130371, 0.00464896011352539, 0.004293824195861816], "times_state_32": [0.002489343881607056, 0.06391027069091797, 0.0006145600080490112, 0.0024996159076690672, 0.0023992319107055664, 0.0030169599056243898, 0.003156991958618164, 0.0033954238891601564, 0.0035696640014648436, 0.003761152029037476], "mems_state_8": [0.3125, 0.65625, 1.4375, 3.125, 6.71875, 14.5, 31.625, 67.65625, 145.03125, 312.5], "mems_state_16": [0.625, 1.3125, 2.875, 6.875, 13.4375, 29.0, 64.0, 136.0, 290.0625, 625.0], "mems_state_32": [1.25, 2.625, 5.75, 12.5, 27.4375, 59.0, 126.5, 271.3125, 583.03125, 1250.0]}], "train": [{"batch_size": 64, "channels": 256, "times_state_8": [0.040084129333496095, 0.02258563232421875, 0.022799360275268556, 0.022578176498413087, 0.022626239776611327, 0.023192575454711914, 0.023809024810791016, 0.02370867156982422, 0.024146944046020507, 0.00994115161895752], "times_state_16": [0.011288576126098633, 0.012040351867675781, 0.012285984039306641, 0.002831615924835205, 0.01196787166595459, 0.013072383880615235, 0.012765376091003418, 0.012666879653930664, 0.003110912084579468, 0.013835264205932616], "times_state_32": [0.006696959972381592, 0.007118912220001221, 0.006450175762176514, 0.006463488101959228, 0.009513983726501465, 0.007832831859588623, 0.007935999870300293, 0.008700287818908692, 0.008079360008239746, 0.008614975929260254], "mems_state_8": [8.845703125, 1.236328125, 2.59814453125, 5.6572265625, 12.1796875, 26.27734375, 57.0234375, 122.3642578125, 262.89697265625, 566.47509765625], "mems_state_16": [1.189453125, 2.32275390625, 5.10595703125, 11.1181640625, 24.734375, 51.64453125, 113.9609375, 242.2236328125, 517.67822265625, 1113.34228515625], "mems_state_32": [2.17626953125, 4.60400390625, 10.12158203125, 22.0400390625, 48.015625, 102.37890625, 224.4296875, 478.8173828125, 1029.13134765625, 2207.07666015625]}]}