{"infer": [{"batch_size": 64, "channels": 256, "times_state_full": [0.0025620479583740234, 0.0027331199645996094, 0.0020452799797058105, 0.0009400320053100586, 0.001464959979057312, 0.0031115520000457764, 0.0010127359628677368, 0.0036038401126861574, 0.003457024097442627, 0.004128767967224121], "mems_state_full": [1.25, 3.0, 7.375, 19.1875, 46.4375, 110.9375, 271.3125, 659.25, 1616.0, 3952.75], "times_state_k512": [0.0021823999881744383, 0.0026081280708312986, 0.002737152099609375, 0.002590816020965576, 0.002850816011428833, 0.003275775909423828, 0.003361792087554932, 0.0034651200771331787, 0.004709375858306885, 0.032289886474609376], "mems_state_k512": [1.25, 3.0, 7.375, 19.1875, 46.4375, 111.46875, 271.3125, 659.25, 1615.59375, 3952.75], "times_state_k4096": [0.0025306239128112793, 0.0027637760639190674, 0.002036992073059082, 0.0024227840900421143, 0.003063807964324951, 0.003364799976348877, 0.0034336960315704346, 0.003538016080856323, 0.003901439905166626, 0.05267865753173828], "mems_state_k4096": [1.25, 3.0, 7.375, 18.96875, 46.4375, 110.9375, 271.3125, 659.25, 1615.59375, 3952.75]}], "train": [{"batch_size": 64, "channels": 256, "times_state_full": [0.06817417907714844, 0.006845056056976318, 0.006064127922058105, 0.007460864067077637, 0.0075008001327514645, 0.00810092830657959, 0.007998464107513427, 0.008664064407348633, 0.008233951568603516, 0.009671808242797852], "mems_state_full": [10.251953125, 5.26611328125, 12.99072265625, 33.13037109375, 83.1103515625, 196.6298828125, 479.1728515625, 1164.97802734375, 2853.3232421875, 6979.28466796875], "times_state_k512": [0.006340384006500244, 0.006803584098815918, 0.005544191837310791, 0.0057331199645996095, 0.007394239902496338, 0.007415808200836181, 0.0074700798988342285, 0.007902368068695069, 0.008423423767089844, 0.010203136444091796], "mems_state_k512": [2.17626953125, 5.26611328125, 12.99072265625, 32.91162109375, 83.1103515625, 185.00390625, 425.00390625, 1005.84765625, 2441.00390625, 5946.09765625], "times_state_k4096": [0.006271008014678955, 0.0071190080642700194, 0.005358367919921875, 0.006395904064178467, 0.007342080116271973, 0.007836671829223632, 0.007553023815155029, 0.0077916159629821775, 0.00820531177520752, 0.05660086441040039], "mems_state_k4096": [2.17626953125, 5.26611328125, 12.99072265625, 32.91162109375, 83.1103515625, 196.6298828125, 479.1728515625, 1124.875, 2560.03125, 6065.125]}]}