{"infer": [{"batch_size": 16, "channels": 64, "times_leaky": [0.0017696000337600708, 0.0028826560974121096, 0.005640192031860352, 0.011584480285644532, 0.024183839797973634, 0.05288467025756836, 0.11185664367675781, 0.2433566131591797, 0.5224412841796875, 1.12015869140625], "times_state": [0.001504256010055542, 0.0015337920188903808, 0.001446176052093506, 0.0017727680206298829, 0.0020686080455780027, 0.0014510079622268677, 0.001798143982887268, 0.0018298879861831665, 0.002270400047302246, 0.0022620160579681398], "mems_leaky": [0.0234375, 0.0234375, 0.0234375, 0.0234375, 0.0234375, 0.0234375, 0.0234375, 0.0234375, 0.0234375, 0.0234375], "mems_state": [0.15625, 0.328125, 0.71875, 1.5625, 3.359375, 7.25, 15.625, 33.65625, 72.515625, 158.125]}, {"batch_size": 32, "channels": 128, "times_leaky": [0.0016240639686584473, 0.0030280001163482664, 0.005810175895690918, 0.011891872406005859, 0.02555392074584961, 0.053561473846435545, 0.11496857452392578, 0.24942204284667968, 0.5268818969726563, 1.1375565185546874], "times_state": [0.0015022720098495483, 0.0008785920143127441, 0.001768447995185852, 0.0014803520441055299, 0.0015175679922103881, 0.0015352959632873534, 0.002131808042526245, 0.0022050240039825438, 0.0023447680473327637, 0.002460992097854614], "mems_leaky": [0.1015625, 0.1015625, 0.1015625, 0.1015625, 0.1015625, 0.1015625, 0.1015625, 0.1015625, 0.1015625, 0.1015625], "mems_state": [0.625, 1.3125, 2.875, 6.25, 13.4375, 29.0, 64.0, 136.0, 291.03125, 625.0]}, {"batch_size": 64, "channels": 256, "times_leaky": [0.0016046080589294433, 0.002910624027252197, 0.005809408187866211, 0.012630975723266602, 0.027025663375854492, 0.053757118225097655, 0.11560038757324219, 0.24653814697265625, 0.5230847778320312, 1.1445166015625], "times_state": [0.0015106240510940551, 0.0015120320320129394, 0.00150655996799469, 0.0015278079509735108, 0.0014499839544296264, 0.0020972158908843996, 0.002428607940673828, 0.002494784116744995, 0.00261244797706604, 0.0029912960529327394], "mems_leaky": [0.421875, 0.421875, 0.421875, 0.421875, 0.421875, 0.421875, 0.421875, 0.421875, 0.421875, 0.421875], "mems_state": [2.5, 6.125, 11.5, 25.0, 53.75, 117.0, 251.0, 539.25, 1160.25, 2502.0]}], "train": [{"batch_size": 16, "channels": 64, "times_leaky": [0.03366928100585938, 0.0053751997947692875, 0.010495200157165527, 0.02204966354370117, 0.04435660934448242, 0.09560953521728516, 0.2016171875, 0.5027696533203125, 0.9432586059570313, 2.132928466796875], "times_state": [0.0036176319122314454, 0.0034191360473632814, 0.003345344066619873, 0.005799935817718506, 0.004021247863769531, 0.0037007360458374025, 0.0038758399486541746, 0.05354191970825195, 0.005724095821380616, 0.005376224040985107], "mems_leaky": [8.2509765625, 0.21728515625, 0.4248046875, 0.873046875, 1.82763671875, 3.89453125, 8.34375, 17.9228515625, 38.56689453125, 83.05078125], "mems_state": [0.27490234375, 0.58154296875, 1.27685546875, 2.7802734375, 6.380859375, 12.984375, 27.8359375, 59.962890625, 130.55126953125, 283.63134765625]}, {"batch_size": 32, "channels": 128, "times_leaky": [0.0033013761043548585, 0.005647615909576416, 0.010869759559631348, 0.022238304138183593, 0.0467022705078125, 0.13868853759765626, 0.21669801330566407, 0.45481268310546874, 0.9736009521484374, 2.1627841796875], "times_state": [0.0033503999710083007, 0.0034140160083770753, 0.004222239971160889, 0.0034719998836517333, 0.0033464319705963134, 0.003965951919555664, 0.005526527881622314, 0.005012383937835693, 0.005779808044433594, 0.09418230438232422], "mems_leaky": [0.4970703125, 0.84619140625, 1.6396484375, 3.353515625, 7.00341796875, 14.90625, 31.91796875, 68.5439453125, 147.47705078125, 317.5625], "mems_state": [1.08837890625, 2.30224609375, 5.06103515625, 12.6181640625, 23.7119140625, 51.19140625, 112.609375, 240.939453125, 513.28564453125, 1103.57666015625]}, {"batch_size": 64, "channels": 256, "times_leaky": [0.0035718400478363037, 0.005597184181213379, 0.01080735969543457, 0.02246553611755371, 0.04679884719848633, 0.18839961242675782, 0.21539634704589844, 0.461781005859375, 1.0895267333984375, 2.226165771484375], "times_state": [0.003576832056045532, 0.003051520109176636, 0.0034222719669342043, 0.0034881279468536378, 0.0036034560203552246, 0.0044083199501037595, 0.005253312110900879, 0.0051857919692993165, 0.006378496170043945, 0.007505919933319092], "mems_leaky": [1.9931640625, 3.37890625, 6.5283203125, 13.3310546875, 27.818359375, 59.1865234375, 126.7099609375, 272.0869140625, 585.390625, 1260.4990234375], "mems_state": [4.66845703125, 10.95947265625, 20.43408203125, 44.3212890625, 94.421875, 207.91015625, 439.3984375, 947.5166015625, 2039.47509765625, 4399.60791015625]}]}