{"infer": [{"batch_size": 64, "channels": 256, "times_state_8": [0.0050750718116760254, 0.0049428482055664065, 0.00532150411605835, 0.0048189439773559575, 0.004864160060882568, 0.00561356782913208, 0.0063751997947692875, 0.002333695888519287, 0.005953536033630371, 0.06133555221557617], "times_state_16": [0.0031573441028594973, 0.0030156800746917725, 0.0036666560173034667, 0.0032667839527130127, 0.003472383975982666, 0.0042106881141662595, 0.004008959770202636, 0.0011008000373840332, 0.0045353279113769535, 0.004553728103637696], "times_state_32": [0.0024619839191436766, 0.0027545599937438964, 0.002046976089477539, 0.0021667840480804443, 0.0027893760204315186, 0.0031037440299987794, 0.0033626880645751954, 0.0030319681167602537, 0.003772416114807129, 0.004453375816345215], "mems_state_8": [0.3125, 0.75, 1.84375, 5.3984375, 11.9375, 27.734375, 67.65625, 166.40625, 403.796875, 990.09375], "mems_state_16": [0.625, 1.5, 3.6875, 9.125, 22.4375, 56.0, 136.0, 329.625, 807.796875, 1976.375], "mems_state_32": [1.25, 3.0, 7.375, 18.25, 45.65625, 110.9375, 271.3125, 659.25, 1615.59375, 3952.75]}], "train": [{"batch_size": 64, "channels": 256, "times_state_8": [0.03883929443359375, 0.022419456481933595, 0.06426521301269532, 0.021786975860595702, 0.004618239879608154, 0.005300000190734864, 0.06209740829467773, 0.004152607917785644, 0.024325023651123046, 0.009379839897155762], "times_state_16": [0.01175551986694336, 0.011940863609313965, 0.012035072326660156, 0.010639328002929688, 0.011304160118103028, 0.013007583618164063, 0.05190655899047852, 0.013009247779846191, 0.008433664321899414, 0.00550707197189331], "times_state_32": [0.00568832015991211, 0.006845695972442627, 0.006493887901306152, 0.008901727676391602, 0.008171520233154296, 0.00742307186126709, 0.033282974243164065, 0.014331904411315918, 0.006882431983947754, 0.0037406721115112304], "mems_state_8": [8.845703125, 1.376953125, 3.33447265625, 9.21630859375, 21.2744140625, 50.5908203125, 123.7431640625, 302.73974609375, 731.8154296875, 1795.13623046875], "mems_state_16": [1.189453125, 2.65673828125, 6.55322265625, 16.23974609375, 39.9541015625, 99.7236328125, 243.6025390625, 587.16943359375, 1439.3232421875, 3520.64404296875], "mems_state_32": [2.17626953125, 5.26611328125, 12.99072265625, 32.19287109375, 83.1103515625, 196.6298828125, 480.1962890625, 1164.40380859375, 2853.3232421875, 6979.28466796875]}]}