{"infer": [{"batch_size": 64, "channels": 256, "times_state_8": [0.00505072021484375, 0.0056752958297729495, 0.00529472017288208, 0.0030577919483184813, 0.004801536083221435, 0.004865024089813232, 0.005576704025268555, 0.005787648200988769, 0.0014315520524978637, 0.006044991970062256], "times_state_16": [0.0031078400611877443, 0.0030156800746917725, 0.003590143918991089, 0.0034856960773468016, 0.0030156800746917725, 0.003531167984008789, 0.004078815937042237, 0.004002816200256347, 0.0743372802734375, 0.004216832160949707], "times_state_32": [0.0024843199253082276, 0.0027054080963134766, 0.002053119897842407, 0.002514944076538086, 0.0025312960147857665, 0.003030848026275635, 0.0031183040142059326, 0.0033303360939025877, 0.030291231155395507, 0.0038019518852233885], "mems_state_8": [0.3125, 0.65625, 1.4375, 3.125, 6.71875, 14.5, 31.625, 67.65625, 145.03125, 312.5], "mems_state_16": [0.625, 1.3125, 2.875, 6.875, 13.4375, 29.0, 64.0, 136.0, 290.0625, 625.0], "mems_state_32": [1.25, 2.625, 5.75, 12.5, 27.4375, 59.0, 126.5, 271.3125, 583.03125, 1250.0]}], "train": [{"batch_size": 64, "channels": 256, "times_state_8": [0.03970048141479492, 0.02253824043273926, 0.016746431350708007, 0.009596927642822266, 0.04337152099609375, 0.014600192070007324, 0.0157327356338501, 0.037521472930908205, 0.004689919948577881, 0.023812095642089845], "times_state_16": [0.08761558532714844, 0.004966400146484375, 0.011928576469421387, 0.011473919868469238, 0.01263651180267334, 0.012917728424072265, 0.013058048248291015, 0.07127986907958984, 0.013612256050109864, 0.013859840393066406], "times_state_32": [0.006563936233520508, 0.007227392196655274, 0.006472703933715821, 0.0065803837776184084, 0.009247712135314941, 0.00781004810333252, 0.008282112121582032, 0.06517453002929688, 0.00793497610092163, 0.0027638399600982667], "mems_state_8": [8.845703125, 1.236328125, 2.59814453125, 5.6572265625, 12.1796875, 26.27734375, 57.0234375, 122.3642578125, 262.89697265625, 566.47509765625], "mems_state_16": [1.189453125, 2.32275390625, 5.10595703125, 11.1181640625, 24.734375, 51.64453125, 113.9609375, 242.2236328125, 517.67822265625, 1113.34228515625], "mems_state_32": [2.17626953125, 4.60400390625, 10.12158203125, 22.0400390625, 48.015625, 102.37890625, 224.4296875, 478.8173828125, 1029.13134765625, 2207.07666015625]}]}