{"infer": [{"batch_size": 16, "channels": 121, "times_leaky_single": [0.001445024013519287, 0.002963711977005005, 0.007343167781829834, 0.019392511367797852, 0.052572158813476565, 0.14631097412109376, 0.40450048828125, 1.13327099609375, 3.193636962890625, 8.8427568359375], "times_leaky_multi": [0.0013702720403671264, 0.0029340798854827882, 0.007264992237091064, 0.019374080657958984, 0.05738700866699219, 0.14777139282226562, 0.40964096069335937, 1.135194091796875, 3.154725830078125, 8.735845703125], "times_state_single": [0.0014929920434951782, 0.0017923519611358642, 0.0018391040563583373, 0.0011163840293884277, 0.0016610239744186401, 0.00208076810836792, 0.0022967679500579836, 0.0023467841148376465, 0.00250982403755188, 0.02489779281616211], "times_state_multi": [0.001381376028060913, 0.0014339200258255006, 0.03125833511352539, 0.0014834879636764526, 0.0018551360368728638, 0.002023263931274414, 0.0023347198963165282, 0.0023654398918151855, 0.0008212159872055054, 0.003027967929840088], "times_gen2_single": [0.022654752731323242, 0.00044758400321006774, 0.0005386239886283875, 0.0004997119903564453, 0.0005888000130653381, 0.0007395520210266113, 0.0009082880020141601, 0.0008644480109214783, 0.001017184019088745, 0.013809663772583008], "times_gen2_multi": [0.0005848320126533508, 0.00040140798687934875, 0.0005571839809417724, 0.00040652799606323244, 0.0006041600108146667, 0.0006574079990386963, 0.0009677760004997253, 0.0008335040211677552, 0.0010119359493255616, 0.013802847862243652], "mems_leaky_single": [0.046875, 0.046875, 0.046875, 0.046875, 0.046875, 0.046875, 0.046875, 0.046875, 0.046875, 0.046875], "mems_leaky_multi": [0.046875, 0.046875, 0.046875, 0.046875, 0.046875, 0.046875, 0.046875, 0.046875, 0.046875, 0.046875], "mems_state_single": [0.296875, 0.798828125, 2.275390625, 6.3515625, 17.6953125, 49.275390625, 137.1015625, 382.76171875, 1062.8232421875, 2955.05078125], "mems_state_multi": [0.296875, 0.798828125, 2.275390625, 6.3515625, 17.6953125, 49.275390625, 137.1015625, 382.76171875, 1062.8232421875, 2955.05078125], "mems_gen2_single": [0.6416015625, 1.7275390625, 4.9130859375, 14.2890625, 38.53955078125, 108.24560546875, 296.75439453125, 827.46142578125, 2295.82763671875, 6379.984375], "mems_gen2_multi": [0.6416015625, 1.7275390625, 4.9130859375, 14.2890625, 38.53955078125, 108.24560546875, 296.75439453125, 827.46142578125, 2295.82763671875, 6379.984375]}], "train": [{"batch_size": 16, "channels": 121, "times_leaky_single": [0.04127635192871094, 0.006187007904052734, 0.015294464111328124, 0.03982908630371094, 0.10961510467529297, 0.3057225341796875, 0.8563536376953125, 2.48968798828125, 6.94840087890625, 19.706494140625], "times_leaky_multi": [0.0027741758823394773, 0.006229248046875, 0.015105312347412109, 0.03987161636352539, 0.10924441528320313, 0.3936121826171875, 0.93127783203125, 2.520689697265625, 7.17905322265625, 20.077498046875], "times_state_single": [0.00386025595664978, 0.00360479998588562, 0.0037857279777526857, 0.0010299199819564819, 0.004069471836090088, 0.02597699165344238, 0.005593088150024414, 0.0055797758102417, 0.005088255882263183, 0.014943327903747559], "times_state_multi": [0.003256511926651001, 0.0032051200866699218, 0.0033557119369506836, 0.0029624319076538086, 0.02497331237792969, 0.004619455814361572, 0.0014124480485916138, 0.005067776203155518, 0.005989376068115234, 0.003225600004196167], "times_gen2_single": [0.003825727939605713, 0.0012781120538711548, 0.0013187520503997803, 0.0012072960138320922, 0.001335968017578125, 0.001768671989440918, 0.0018352960348129272, 0.002011136054992676, 0.0019804160594940187, 0.0032727038860321045], "times_gen2_multi": [0.0012320959568023681, 0.0012124160528182984, 0.001201151967048645, 0.001110335946083069, 0.0011962879896163941, 0.0016373759508132935, 0.0017889280319213867, 0.0017532800436019897, 0.0018165760040283203, 0.01033523178100586], "mems_leaky_single": [8.44677734375, 0.595703125, 1.4013671875, 3.625, 9.8125, 27.03759765625, 74.9423828125, 208.263671875, 579.23974609375, 1611.48876953125], "mems_leaky_multi": [0.32177734375, 0.595703125, 1.4013671875, 3.625, 9.8125, 27.03759765625, 74.9423828125, 208.263671875, 579.23974609375, 1611.48876953125], "mems_state_single": [0.517578125, 1.40380859375, 4.01171875, 12.17041015625, 31.24365234375, 87.01416015625, 242.1162109375, 676.86328125, 1877.8154296875, 5217.93017578125], "mems_state_multi": [0.52197265625, 1.416015625, 4.046875, 12.26904296875, 31.51806640625, 87.77734375, 244.37939453125, 682.775390625, 1894.2666015625, 5263.70654296875], "mems_gen2_single": [0.791015625, 2.1279296875, 6.0517578125, 18.41845703125, 47.38818359375, 132.63671875, 365.30615234375, 1020.08154296875, 2828.4169921875, 7857.8974609375], "mems_gen2_multi": [0.791015625, 2.1279296875, 6.0517578125, 18.41845703125, 47.38818359375, 132.63671875, 365.30615234375, 1019.46240234375, 2827.82861328125, 7857.8974609375]}]}