{"infer": [{"batch_size": 64, "channels": 256, "times_leaky_single": [0.009928704261779785, 0.0024995839595794676, 0.0047029762268066405, 0.009411647796630859, 0.019627199172973633, 0.04101324844360352, 0.08955292510986328, 0.1941465606689453, 0.4179425354003906, 0.9005444946289063], "times_leaky_multi": [0.0012863359451293944, 0.0023836159706115724, 0.0046943998336792, 0.009656319618225098, 0.026511423110961913, 0.04121174240112305, 0.08977740478515625, 0.19400711059570314, 0.4129606628417969, 0.8991856689453125], "times_state_single": [0.0018718719482421875, 0.0014329600334167482, 0.0014377280473709107, 0.001891327977180481, 0.0023060479164123534, 0.0022203519344329834, 0.0023673279285430907, 0.0024104959964752195, 0.0026707839965820312, 0.002883584022521973], "times_state_multi": [0.0018309119939804077, 0.0015083520412445069, 0.00187391996383667, 0.0005836799740791321, 0.02898124885559082, 0.02193631935119629, 0.002438112020492554, 0.0024954879283905027, 0.004731135845184326, 0.003001568078994751], "times_gen2_single": [0.0006613119840621948, 0.0004169920086860657, 0.0005222399830818176, 0.000601311981678009, 0.0008191999793052674, 0.000860256016254425, 0.0012728320360183717, 0.002718751907348633, 0.005731328010559082, 0.012013919830322265], "times_gen2_multi": [0.0005314559936523438, 0.0004853439927101135, 0.0004472959935665131, 0.0004989759922027588, 0.0007751680016517639, 0.0007958080172538757, 0.0013475840091705322, 0.0026597120761871337, 0.005723135948181152, 0.012076831817626954], "mems_leaky_single": [0.421875, 0.421875, 0.421875, 0.421875, 0.421875, 0.421875, 0.421875, 0.421875, 0.421875, 0.421875], "mems_leaky_multi": [0.421875, 0.421875, 0.421875, 0.421875, 0.421875, 0.421875, 0.421875, 0.421875, 0.421875, 0.421875], "mems_state_single": [2.5, 5.25, 11.5, 25.0, 54.875, 118.0, 251.0, 539.25, 1160.25, 2502.0], "mems_state_multi": [2.5, 5.25, 11.5, 25.0, 54.875, 118.0, 251.0, 539.25, 1160.25, 2502.0], "mems_gen2_single": [5.2734375, 11.07421875, 25.8828125, 52.984375, 116.75390625, 252.3125, 529.09375, 1136.9453125, 2447.40234375, 5280.4375], "mems_gen2_multi": [5.2734375, 11.07421875, 25.8828125, 52.984375, 116.75390625, 252.3125, 529.09375, 1136.9453125, 2447.40234375, 5280.4375]}], "train": [{"batch_size": 64, "channels": 256, "times_leaky_single": [0.11177449798583984, 0.004896639823913574, 0.009571328163146972, 0.019414016723632813, 0.04073244857788086, 0.08700825500488281, 0.18876211547851562, 0.4066311950683594, 0.9468682250976562, 1.9824088134765625], "times_leaky_multi": [0.0032438080310821533, 0.00491212797164917, 0.009603008270263672, 0.019565248489379884, 0.040581119537353515, 0.08652799987792968, 0.2733045654296875, 0.4928439025878906, 0.9616607666015625, 1.989433349609375], "times_state_single": [0.004527391910552979, 0.0034027519226074218, 0.0037936320304870607, 0.0065344319343566895, 0.005025536060333252, 0.005425504207611084, 0.005595839977264404, 0.0053298878669738765, 0.006037759780883789, 0.006600863933563232], "times_state_multi": [0.004001791954040527, 0.0033126399517059324, 0.0036876161098480225, 0.08974524688720703, 0.02208892822265625, 0.004878464221954345, 0.004930624008178711, 0.0051066880226135255, 0.005895423889160156, 0.005925183773040772], "times_gen2_single": [0.004233215808868408, 0.001299072027206421, 0.001210368037223816, 0.0014359999895095824, 0.0017592320442199707, 0.0018454719781875611, 0.002252608060836792, 0.00364736008644104, 0.0066455998420715335, 0.012941311836242676], "times_gen2_multi": [0.0015185920000076293, 0.0011400959491729735, 0.0011868159770965577, 0.0013816959857940673, 0.0016505279541015625, 0.0017068480253219604, 0.0022192320823669434, 0.0035440640449523925, 0.006462463855743408, 0.012957695960998536], "mems_leaky_single": [10.1142578125, 3.36962890625, 6.5068359375, 13.283203125, 27.71435546875, 58.9609375, 126.22265625, 271.0361328125, 583.12548828125, 1255.6171875], "mems_leaky_multi": [1.9931640625, 3.37890625, 6.5283203125, 13.3310546875, 27.818359375, 59.1865234375, 126.7099609375, 272.0869140625, 585.390625, 1260.4990234375], "mems_state_single": [4.3232421875, 9.146484375, 20.1083984375, 43.78662109375, 97.025390625, 208.458984375, 438.42578125, 946.21240234375, 2034.9609375, 4389.880859375], "mems_state_multi": [4.33251953125, 9.16650390625, 20.21533203125, 43.8837890625, 97.234375, 208.91015625, 439.3984375, 947.3486328125, 2039.47509765625, 4399.60791015625], "mems_gen2_single": [6.5244140625, 14.1376953125, 31.6337890625, 65.4853515625, 145.3173828125, 313.3134765625, 654.0947265625, 1406.1962890625, 3027.5283203125, 6532.4384765625], "mems_gen2_multi": [6.5244140625, 14.1376953125, 31.6337890625, 65.4853515625, 144.7548828125, 313.3134765625, 654.0947265625, 1406.1962890625, 3027.5283203125, 6532.4384765625]}]}