{"infer": [{"batch_size": 64, "channels": 256, "times_state_8": [0.0012475199699401856, 0.0010915839672088624, 0.07741574096679688, 0.006087647914886475, 0.004791488170623779, 0.0048158721923828125, 0.00564415979385376, 0.005746943950653076, 0.005959680080413818, 0.006086656093597412], "times_state_16": [0.0031224639415740967, 0.0030779199600219726, 0.0034726080894470217, 0.0035318400859832766, 0.0030835840702056884, 0.0037327361106872558, 0.00405731201171875, 0.004099679946899414, 0.004383776187896728, 0.004040287971496582], "times_state_32": [0.002425856113433838, 0.0027205119132995607, 0.002095103979110718, 0.0024391679763793943, 0.002490463972091675, 0.0030351359844207762, 0.0031846399307250976, 0.003339423894882202, 0.0035840959548950196, 0.0037902400493621826], "mems_state_8": [0.3125, 0.65625, 1.4375, 3.125, 6.71875, 14.5, 31.625, 67.65625, 145.03125, 312.5], "mems_state_16": [0.625, 1.3125, 2.875, 6.875, 13.4375, 29.0, 64.0, 136.0, 290.0625, 625.0], "mems_state_32": [1.25, 2.625, 5.75, 12.5, 27.4375, 59.0, 126.5, 271.3125, 583.03125, 1250.0]}], "train": [{"batch_size": 64, "channels": 256, "times_state_8": [0.032965633392333986, 0.02251468849182129, 0.022614080429077147, 0.022905567169189452, 0.021843967437744142, 0.022913856506347655, 0.024397600173950196, 0.023758848190307616, 0.023879680633544922, 0.02398624038696289], "times_state_16": [0.01174630355834961, 0.012155903816223144, 0.012295167922973632, 0.0027688961029052736, 0.012066752433776855, 0.012553312301635743, 0.021222400665283202, 0.012994976043701171, 0.013766655921936035, 0.006349184036254883], "times_state_32": [0.006533120155334473, 0.0072765440940856935, 0.006674784183502197, 0.0054917120933532714, 0.022214239120483398, 0.0038451199531555178, 0.0021729280948638917, 0.008621279716491698, 0.00801699161529541, 0.008364031791687012], "mems_state_8": [8.845703125, 1.236328125, 2.59814453125, 5.6572265625, 12.1796875, 26.27734375, 57.0234375, 122.3642578125, 262.89697265625, 566.47509765625], "mems_state_16": [1.189453125, 2.32275390625, 5.10595703125, 11.1181640625, 24.734375, 51.64453125, 113.9609375, 242.2236328125, 517.67822265625, 1113.34228515625], "mems_state_32": [2.17626953125, 4.60400390625, 10.12158203125, 22.0400390625, 48.015625, 102.37890625, 224.4296875, 478.8173828125, 1029.13134765625, 2207.07666015625]}]}