{"infer": [{"batch_size": 64, "channels": 256, "times_state_8": [0.0011707520484924316, 0.004898784160614014, 0.005306367874145508, 0.0038525118827819824, 0.0048189439773559575, 0.005189631938934326, 0.005679967880249023, 0.005937568187713623, 0.005976064205169678, 0.0060282878875732426], "times_state_16": [0.0031746881008148193, 0.0030454399585723877, 0.0035976641178131104, 0.003403104066848755, 0.003075999975204468, 0.003662559986114502, 0.004030687808990479, 0.004110335826873779, 0.0018585599660873413, 0.004325535774230957], "times_state_32": [0.0023889920711517333, 0.002648128032684326, 0.00214899206161499, 0.0025106239318847656, 0.0024596478939056397, 0.004329567909240723, 0.0031795198917388915, 0.0033136639595031736, 0.03091587257385254, 0.003650815963745117], "mems_state_8": [0.3125, 0.65625, 1.4375, 3.125, 6.71875, 14.5, 31.625, 67.65625, 145.03125, 312.5], "mems_state_16": [0.625, 1.3125, 2.875, 6.875, 13.4375, 29.0, 64.0, 136.0, 290.0625, 625.0], "mems_state_32": [1.25, 2.625, 5.75, 12.5, 27.4375, 59.0, 126.5, 271.3125, 583.03125, 1250.0]}], "train": [{"batch_size": 64, "channels": 256, "times_state_8": [0.03398451232910156, 0.02061414337158203, 0.013942784309387207, 0.009473024368286133, 0.00943939208984375, 0.023026752471923827, 0.02386623954772949, 0.024034080505371095, 0.010232000350952149, 0.02411235237121582], "times_state_16": [0.011966464042663574, 0.0071526398658752445, 0.007967743873596191, 0.007949312210083008, 0.05155654525756836, 0.012066783905029297, 0.003747136116027832, 0.012887040138244628, 0.013589280128479004, 0.013526016235351563], "times_state_32": [0.006659264087677002, 0.0060713601112365725, 0.0046622719764709475, 0.003761152029037476, 0.009049087524414063, 0.00787724781036377, 0.00799948787689209, 0.008549535751342773, 0.002018304109573364, 0.008464384078979491], "mems_state_8": [8.845703125, 1.236328125, 2.59814453125, 5.6572265625, 12.1796875, 26.27734375, 57.0234375, 122.3642578125, 262.89697265625, 566.47509765625], "mems_state_16": [1.189453125, 2.32275390625, 5.10595703125, 11.1181640625, 24.734375, 51.64453125, 113.9609375, 242.2236328125, 517.67822265625, 1113.34228515625], "mems_state_32": [2.17626953125, 4.60400390625, 10.12158203125, 22.0400390625, 48.015625, 102.37890625, 224.4296875, 478.8173828125, 1029.13134765625, 2207.07666015625]}]}