{"infer": [{"batch_size": 64, "channels": 256, "times_state_8": [0.0022302720546722413, 0.0011683520078659057, 0.005577888011932373, 0.0047933440208435055, 0.0048189439773559575, 0.0054568958282470706, 0.005723135948181152, 0.005843520164489746, 0.0059688959121704105, 0.006095168113708496], "times_state_16": [0.003102720022201538, 0.0030770559310913086, 0.0035543038845062256, 0.002947263956069946, 0.0027492160797119142, 0.004085760116577148, 0.003959199905395508, 0.004461567878723144, 0.0045149121284484865, 0.0045281281471252445], "times_state_32": [0.002368639945983887, 0.002723839998245239, 0.0020398399829864504, 0.0020794880390167234, 0.002786303997039795, 0.003141695976257324, 0.00334332799911499, 0.0034990079402923585, 0.003769344091415405, 0.00466431999206543], "mems_state_8": [0.3125, 0.75, 1.84375, 5.3984375, 11.9375, 27.734375, 67.65625, 166.40625, 403.796875, 990.09375], "mems_state_16": [0.625, 1.5, 3.6875, 9.125, 22.4375, 56.0, 136.0, 329.625, 807.796875, 1976.375], "mems_state_32": [1.25, 3.0, 7.375, 18.25, 45.65625, 110.9375, 271.3125, 659.25, 1615.59375, 3952.75]}], "train": [{"batch_size": 64, "channels": 256, "times_state_8": [0.043121601104736326, 0.022442304611206054, 0.022725631713867187, 0.022619136810302733, 0.021672224044799803, 0.023673856735229492, 0.023772544860839843, 0.023639039993286134, 0.023602176666259765, 0.007703839778900146], "times_state_16": [0.013095552444458008, 0.012187647819519042, 0.012435456275939942, 0.011596063613891601, 0.012803071975708008, 0.012659711837768555, 0.013000703811645508, 0.01369600009918213, 0.01324339199066162, 0.0028613440990447997], "times_state_32": [0.006444255828857422, 0.007031648159027099, 0.01964236831665039, 0.07723725128173828, 0.007576576232910156, 0.006184959888458252, 0.008359328269958496, 0.00813276767730713, 0.008442879676818848, 0.0036058239936828614], "mems_state_8": [8.845703125, 1.376953125, 3.33447265625, 9.21630859375, 21.2744140625, 50.5908203125, 123.7431640625, 302.73974609375, 731.8154296875, 1795.13623046875], "mems_state_16": [1.189453125, 2.65673828125, 6.55322265625, 16.23974609375, 39.9541015625, 99.7236328125, 243.6025390625, 587.16943359375, 1439.3232421875, 3520.64404296875], "mems_state_32": [2.17626953125, 5.26611328125, 12.99072265625, 32.19287109375, 83.1103515625, 196.6298828125, 480.1962890625, 1164.40380859375, 2853.3232421875, 6979.28466796875]}]}