{"infer": [{"batch_size": 64, "channels": 256, "times_state_8": [0.005104832172393799, 0.004873856067657471, 0.005198847770690918, 0.005653664112091065, 0.004738016128540039, 0.004802559852600098, 0.005610720157623291, 0.005789599895477295, 0.003912512063980102, 0.006054751873016358], "times_state_16": [0.0030989439487457277, 0.0036216959953308107, 0.0035440640449523925, 0.003345407962799072, 0.001422976016998291, 0.09187094116210938, 0.003971776008605957, 0.0009258559942245483, 0.004612095832824707, 0.00430182409286499], "times_state_32": [0.0024729599952697753, 0.0026113600730895995, 0.0006182399988174438, 0.0025518081188201903, 0.0025128960609436036, 0.003014591932296753, 0.0020719358921051025, 0.00349183988571167, 0.0035041279792785646, 0.0037222399711608887], "mems_state_8": [0.3125, 0.65625, 1.4375, 3.125, 6.71875, 14.5, 31.625, 67.65625, 145.03125, 312.5], "mems_state_16": [0.625, 1.3125, 2.875, 6.875, 13.4375, 29.0, 64.0, 136.0, 290.0625, 625.0], "mems_state_32": [1.25, 2.625, 5.75, 12.5, 27.4375, 59.0, 126.5, 271.3125, 583.03125, 1250.0]}], "train": [{"batch_size": 64, "channels": 256, "times_state_8": [0.054637535095214844, 0.02267955207824707, 0.022921215057373046, 0.023316320419311524, 0.022574079513549804, 0.02313932800292969, 0.024225791931152343, 0.023182336807250976, 0.02421126365661621, 0.024193439483642578], "times_state_16": [0.011317248344421387, 0.011925312042236328, 0.01245900821685791, 0.009691295623779296, 0.011860095977783203, 0.013276896476745605, 0.013247488021850586, 0.012938400268554688, 0.02417033576965332, 0.013753376007080077], "times_state_32": [0.006567935943603515, 0.006998112201690674, 0.00640719985961914, 0.006663904190063476, 0.00919273567199707, 0.008029184341430663, 0.007948287963867188, 0.007760096073150635, 0.007831552028656007, 0.008465408325195312], "mems_state_8": [8.845703125, 1.236328125, 2.59814453125, 5.6572265625, 12.1796875, 26.27734375, 57.0234375, 122.3642578125, 262.89697265625, 566.47509765625], "mems_state_16": [1.189453125, 2.32275390625, 5.10595703125, 11.1181640625, 24.734375, 51.64453125, 113.9609375, 242.2236328125, 517.67822265625, 1113.34228515625], "mems_state_32": [2.17626953125, 4.60400390625, 10.12158203125, 22.0400390625, 48.015625, 102.37890625, 224.4296875, 478.8173828125, 1029.13134765625, 2207.07666015625]}]}