{"infer": [{"batch_size": 64, "channels": 256, "times_state_8": [0.005179391860961914, 0.004908031940460205, 0.005256192207336426, 0.005641983985900879, 0.0010455039739608765, 0.004800127983093262, 0.005512447834014893, 0.005838528156280518, 0.005753183841705322, 0.006193984031677246], "times_state_16": [0.0007847040295600891, 0.0030567998886108397, 0.0034949119091033935, 0.0034200639724731446, 0.0030545918941497804, 0.003614720106124878, 0.004091904163360595, 0.00409494400024414, 0.004516992092132568, 0.0033556480407714844], "times_state_32": [0.0024105598926544188, 0.002722815990447998, 0.0021480000019073486, 0.0024239680767059327, 0.0025526719093322756, 0.0029549119472503664, 0.0030723841190338137, 0.0031420159339904784, 0.0035276799201965333, 0.003768320083618164], "mems_state_8": [0.3125, 0.65625, 1.4375, 3.125, 6.71875, 14.5, 31.625, 67.65625, 145.03125, 312.5], "mems_state_16": [0.625, 1.3125, 2.875, 6.875, 13.4375, 29.0, 64.0, 136.0, 290.0625, 625.0], "mems_state_32": [1.25, 2.625, 5.75, 12.5, 27.4375, 59.0, 126.5, 271.3125, 583.03125, 1250.0]}], "train": [{"batch_size": 64, "channels": 256, "times_state_8": [0.03232889556884765, 0.00907260799407959, 0.009497599601745605, 0.009174015998840332, 0.022397951126098634, 0.023516223907470702, 0.023801984786987303, 0.02411859130859375, 0.00910643196105957, 0.030487520217895508], "times_state_16": [0.007057407855987549, 0.007670783996582031, 0.008016575813293457, 0.007691455841064453, 0.012006752014160156, 0.012823807716369628, 0.01273846435546875, 0.013064191818237305, 0.0075980801582336424, 0.002788640022277832], "times_state_32": [0.0059547839164733884, 0.006211584091186524, 0.0057274560928344724, 0.005733376026153565, 0.00909721565246582, 0.014722208023071288, 0.04114432144165039, 0.00844534397125244, 0.006924287796020508, 0.007172128200531006], "mems_state_8": [8.845703125, 1.236328125, 2.59814453125, 5.6572265625, 12.1796875, 26.27734375, 57.0234375, 122.3642578125, 262.89697265625, 566.47509765625], "mems_state_16": [1.189453125, 2.32275390625, 5.10595703125, 11.1181640625, 24.734375, 51.64453125, 113.9609375, 242.2236328125, 517.67822265625, 1113.34228515625], "mems_state_32": [2.17626953125, 4.60400390625, 10.12158203125, 22.0400390625, 48.015625, 102.37890625, 224.4296875, 478.8173828125, 1029.13134765625, 2207.07666015625]}]}