{"infer": [{"batch_size": 64, "channels": 256, "times_state_8": [0.0011763520240783692, 0.0050224318504333496, 0.005298175811767578, 0.004866047859191895, 0.004856607913970947, 0.00575212812423706, 0.005884928226470947, 0.005990272045135498, 0.006181151866912842, 0.006273024082183838], "times_state_16": [0.0031864960193634033, 0.0030617599487304686, 0.0035914559364318846, 0.0030965759754180908, 0.003641119956970215, 0.004013696193695068, 0.00409600019454956, 0.004554848194122315, 0.004651296138763428, 0.0045875201225280765], "times_state_32": [0.0024432640075683592, 0.0028139519691467284, 0.0020746240615844725, 0.002120703935623169, 0.002852735996246338, 0.003269279956817627, 0.0034430079460144045, 0.0035338239669799806, 0.003974495887756347, 0.0045015039443969725], "mems_state_8": [0.3125, 0.75, 1.84375, 5.3984375, 11.9375, 27.734375, 67.65625, 166.40625, 403.796875, 990.09375], "mems_state_16": [0.625, 1.5, 3.6875, 9.125, 22.4375, 56.0, 136.0, 329.625, 807.796875, 1976.375], "mems_state_32": [1.25, 3.0, 7.375, 18.25, 45.65625, 110.9375, 271.3125, 659.25, 1615.59375, 3952.75]}], "train": [{"batch_size": 64, "channels": 256, "times_state_8": [0.039311359405517575, 0.02237654495239258, 0.02266214370727539, 0.022659807205200194, 0.022647808074951172, 0.02384486389160156, 0.009341952323913574, 0.023585439682006836, 0.023970815658569337, 0.02104832077026367], "times_state_16": [0.012066816329956055, 0.011842432022094727, 0.012575103759765624, 0.012312159538269044, 0.012969984054565429, 0.013505887985229493, 0.007935808181762696, 0.06697103881835938, 0.013479935646057128, 0.014317567825317384], "times_state_32": [0.006634560108184815, 0.04955340957641602, 0.07105120086669922, 0.08148684692382813, 0.008302592277526855, 0.006960288047790527, 0.007515135765075683, 0.00826204776763916, 0.008181759834289551, 0.0038399999141693116], "mems_state_8": [8.845703125, 1.376953125, 3.33447265625, 9.21630859375, 21.2744140625, 50.5908203125, 123.7431640625, 302.73974609375, 731.8154296875, 1795.13623046875], "mems_state_16": [1.189453125, 2.65673828125, 6.55322265625, 16.23974609375, 39.9541015625, 99.7236328125, 243.6025390625, 587.16943359375, 1439.3232421875, 3520.64404296875], "mems_state_32": [2.17626953125, 5.26611328125, 12.99072265625, 32.19287109375, 83.1103515625, 196.6298828125, 480.1962890625, 1164.40380859375, 2853.3232421875, 6979.28466796875]}]}