{"infer": [{"batch_size": 64, "channels": 256, "times_state_8": [0.005193696022033691, 0.005195615768432617, 0.005183487892150879, 0.004879648208618164, 0.0048056960105895994, 0.005615615844726562, 0.005821663856506348, 0.005883903980255127, 0.006032479763031006, 0.006054912090301514], "times_state_16": [0.0032040960788726805, 0.0030313599109649658, 0.003590303897857666, 0.0007097920179367066, 0.06663065338134766, 0.0813653793334961, 0.07403520202636718, 0.004597663879394531, 0.004656960010528564, 0.004690944194793701], "times_state_32": [0.07380889892578125, 0.0643604507446289, 0.0009594879746437073, 0.0021059839725494386, 0.003501055955886841, 0.0031887359619140626, 0.0035819520950317383, 0.0036065280437469482, 0.003765183925628662, 0.004848639965057373], "mems_state_8": [0.3125, 0.75, 1.84375, 5.3984375, 11.9375, 27.734375, 67.65625, 166.40625, 403.796875, 990.09375], "mems_state_16": [0.625, 1.5, 3.6875, 9.125, 22.4375, 56.0, 136.0, 329.625, 807.796875, 1976.375], "mems_state_32": [1.25, 3.0, 7.375, 18.25, 45.65625, 110.9375, 271.3125, 659.25, 1615.59375, 3952.75]}], "train": [{"batch_size": 64, "channels": 256, "times_state_8": [0.03866505432128906, 0.02285158348083496, 0.023236671447753907, 0.022955007553100586, 0.023072351455688478, 0.023804224014282227, 0.023513088226318358, 0.0238973445892334, 0.010819583892822266, 0.007076863765716553], "times_state_16": [0.012263392448425293, 0.012337151527404786, 0.012218463897705078, 0.012201055526733399, 0.012562432289123536, 0.012725248336791992, 0.01325772762298584, 0.013544447898864746, 0.013408415794372559, 0.007166975975036621], "times_state_32": [0.006621183872222901, 0.006948991775512696, 0.006660031795501709, 0.008910847663879394, 0.00834995174407959, 0.00808899211883545, 0.008259648323059083, 0.008168448448181152, 0.034802688598632815, 0.003012608051300049], "mems_state_8": [8.845703125, 1.376953125, 3.33447265625, 9.21630859375, 21.2744140625, 50.5908203125, 123.7431640625, 302.73974609375, 731.8154296875, 1795.13623046875], "mems_state_16": [1.189453125, 2.65673828125, 6.55322265625, 16.23974609375, 39.9541015625, 99.7236328125, 243.6025390625, 587.16943359375, 1439.3232421875, 3520.64404296875], "mems_state_32": [2.17626953125, 5.26611328125, 12.99072265625, 32.19287109375, 83.1103515625, 196.6298828125, 480.1962890625, 1164.40380859375, 2853.3232421875, 6979.28466796875]}]}