{"infer": [{"batch_size": 64, "channels": 256, "times_state_8": [0.0056258559226989744, 0.004956160068511963, 0.03004419136047363, 0.004236288070678711, 0.0024002559185028077, 0.0048167681694030766, 0.005654528141021729, 0.005736447811126709, 0.005744703769683838, 0.005959680080413818], "times_state_16": [0.0031679680347442628, 0.0030660479068756103, 0.003548383951187134, 0.003424607992172241, 0.003048352003097534, 0.0035884160995483397, 0.004088831901550293, 0.004570079803466797, 0.004459743976593018, 0.004279295921325684], "times_state_32": [0.0024289278984069825, 0.002756608009338379, 0.0021125121116638184, 0.0024697599411010744, 0.0025526080131530763, 0.003008575916290283, 0.003132416009902954, 0.003425920009613037, 0.003518143892288208, 0.0024024319648742677], "mems_state_8": [0.3125, 0.65625, 1.4375, 3.125, 6.71875, 14.5, 31.625, 67.65625, 145.03125, 312.5], "mems_state_16": [0.625, 1.3125, 2.875, 6.875, 13.4375, 29.0, 64.0, 136.0, 290.0625, 625.0], "mems_state_32": [1.25, 2.625, 5.75, 12.5, 27.4375, 59.0, 126.5, 271.3125, 583.03125, 1250.0]}], "train": [{"batch_size": 64, "channels": 256, "times_state_8": [0.04016742324829101, 0.0231015682220459, 0.022586143493652344, 0.02313932800292969, 0.010355711936950684, 0.02274406433105469, 0.023608287811279296, 0.023417087554931642, 0.0049983677864074705, 0.009437855720520019], "times_state_16": [0.011860992431640625, 0.012048383712768555, 0.012434432029724121, 0.011759360313415528, 0.011920384407043457, 0.012708224296569825, 0.012702719688415527, 0.005659359931945801, 0.013499775886535644, 0.013588800430297851], "times_state_32": [0.0018821120262145995, 0.007198847770690918, 0.00611737585067749, 0.0070225920677185055, 0.009663488388061523, 0.02092748832702637, 0.006434048175811767, 0.0085382080078125, 0.00790118408203125, 0.00854032039642334], "mems_state_8": [8.845703125, 1.236328125, 2.59814453125, 5.6572265625, 12.1796875, 26.27734375, 57.0234375, 122.3642578125, 262.89697265625, 566.47509765625], "mems_state_16": [1.189453125, 2.32275390625, 5.10595703125, 11.1181640625, 24.734375, 51.64453125, 113.9609375, 242.2236328125, 517.67822265625, 1113.34228515625], "mems_state_32": [2.17626953125, 4.60400390625, 10.12158203125, 22.0400390625, 48.015625, 102.37890625, 224.4296875, 478.8173828125, 1029.13134765625, 2207.07666015625]}]}