{"infer": [{"batch_size": 64, "channels": 256, "times_leaky_single": [0.010188799858093261, 0.002506400108337402, 0.00491648006439209, 0.009794879913330078, 0.020549631118774413, 0.04283699035644531, 0.09447113800048829, 0.20464845275878907, 0.4353353576660156, 0.9365010375976562], "times_leaky_multi": [0.0014029439687728881, 0.002491328001022339, 0.004802720069885254, 0.009988096237182617, 0.02044003105163574, 0.043312126159667966, 0.09301305389404296, 0.20365037536621095, 0.43782949829101564, 0.9410877685546875], "times_state_single": [0.0018145279884338378, 0.0016025600433349609, 0.0014602880477905273, 0.07574451446533204, 0.0459683837890625, 0.010996447563171387, 0.0023951361179351807, 0.002516000032424927, 0.017763328552246094, 0.0029777920246124266], "times_state_multi": [0.0018309119939804077, 0.0014824639558792113, 0.0018403840065002442, 0.001785856008529663, 0.002088639974594116, 0.0022661120891571047, 0.00234499192237854, 0.002462752103805542, 0.002686975955963135, 0.0030989758968353273], "times_gen2_single": [0.04064460754394531, 0.0004618239998817444, 0.000497759997844696, 0.000606112003326416, 0.000814079999923706, 0.0007834879755973816, 0.00134553599357605, 0.002726912021636963, 0.005760000228881836, 0.012103487968444824], "times_gen2_multi": [0.0005936959981918335, 0.00044646400213241576, 0.00040345600247383115, 0.0005572800040245056, 0.0007821760177612305, 0.0008501440286636352, 0.0013721599578857423, 0.002653183937072754, 0.005695487976074219, 0.012051168441772462], "mems_leaky_single": [0.421875, 0.421875, 0.421875, 0.421875, 0.421875, 0.421875, 0.421875, 0.421875, 0.421875, 0.421875], "mems_leaky_multi": [0.421875, 0.421875, 0.421875, 0.421875, 0.421875, 0.421875, 0.421875, 0.421875, 0.421875, 0.421875], "mems_state_single": [2.5, 5.25, 11.5, 25.0, 54.875, 118.0, 251.0, 539.25, 1160.25, 2502.0], "mems_state_multi": [2.5, 5.25, 11.5, 25.0, 54.875, 118.0, 251.0, 539.25, 1160.25, 2502.0], "mems_gen2_single": [5.2734375, 11.07421875, 25.8828125, 52.984375, 116.75390625, 252.3125, 529.09375, 1136.9453125, 2447.40234375, 5280.4375], "mems_gen2_multi": [5.2734375, 11.07421875, 25.8828125, 52.984375, 116.75390625, 252.3125, 529.09375, 1136.9453125, 2447.40234375, 5280.4375]}], "train": [{"batch_size": 64, "channels": 256, "times_leaky_single": [0.040499198913574216, 0.005207071781158448, 0.009941056251525878, 0.019791648864746093, 0.04138598251342773, 0.09096892547607421, 0.19132620239257814, 0.42124185180664064, 0.9868687133789062, 2.042008544921875], "times_leaky_multi": [0.0030464959144592286, 0.0051329278945922855, 0.010002623558044434, 0.020166656494140626, 0.041669662475585935, 0.08905820465087891, 0.19125027465820313, 0.41517364501953125, 0.925349853515625, 2.11935986328125], "times_state_single": [0.004776959896087647, 0.0034852800369262697, 0.009683232307434082, 0.09844019317626954, 0.0022693119049072264, 0.005381184101104736, 0.005780288219451904, 0.00521727991104126, 0.005961728096008301, 0.006661119937896728], "times_state_multi": [0.003782016038894653, 0.0008970239758491516, 0.003700671911239624, 0.003931135892868042, 0.001920032024383545, 0.004891647815704346, 0.004914175987243652, 0.005525504112243652, 0.004700799942016601, 0.006342656135559082], "times_gen2_single": [0.031760063171386715, 0.0013203519582748414, 0.0013557759523391724, 0.0014479039907455444, 0.0018215999603271484, 0.0018165760040283203, 0.0023931519985198975, 0.0037898240089416506, 0.00679423999786377, 0.012941311836242676], "times_gen2_multi": [0.0012773120403289796, 0.0012544000148773193, 0.0013926399946212768, 0.0013352960348129272, 0.0016558719873428344, 0.00170905601978302, 0.002284543991088867, 0.0037807040214538575, 0.006751232147216797, 0.013067071914672851], "mems_leaky_single": [10.1142578125, 3.36962890625, 6.5068359375, 13.283203125, 27.71435546875, 58.9609375, 126.22265625, 271.0361328125, 583.12548828125, 1255.6171875], "mems_leaky_multi": [1.9931640625, 3.37890625, 6.5283203125, 13.3310546875, 27.818359375, 59.1865234375, 126.7099609375, 272.0869140625, 585.390625, 1260.4990234375], "mems_state_single": [4.3232421875, 9.146484375, 20.1083984375, 43.78662109375, 97.025390625, 208.458984375, 438.42578125, 946.21240234375, 2034.9609375, 4389.880859375], "mems_state_multi": [4.33251953125, 9.16650390625, 20.21533203125, 43.8837890625, 97.234375, 208.91015625, 439.3984375, 947.3486328125, 2039.47509765625, 4399.60791015625], "mems_gen2_single": [6.5244140625, 14.1376953125, 31.6337890625, 65.4853515625, 145.3173828125, 313.3134765625, 654.0947265625, 1406.1962890625, 3027.5283203125, 6532.4384765625], "mems_gen2_multi": [6.5244140625, 14.1376953125, 31.6337890625, 65.4853515625, 144.7548828125, 313.3134765625, 654.0947265625, 1406.1962890625, 3027.5283203125, 6532.4384765625]}]}