{"infer": [{"batch_size": 64, "channels": 256, "times_leaky_single": [0.009595904350280762, 0.002477184057235718, 0.004888576030731201, 0.009708543777465821, 0.020048896789550782, 0.042188800811767575, 0.0927129898071289, 0.2025509796142578, 0.42619085693359376, 0.9132482299804687], "times_leaky_multi": [0.001321984052658081, 0.002460767984390259, 0.004715775966644287, 0.009779007911682128, 0.02148358345031738, 0.043064094543457034, 0.09194057464599609, 0.20058316040039062, 0.42681063842773437, 0.9128294677734375], "times_state_single": [0.0015646719932556152, 0.0014794880151748656, 0.0014470399618148804, 0.0018893760442733765, 0.002170880079269409, 0.002323040008544922, 0.0022622079849243166, 0.0024409279823303224, 0.002617664098739624, 0.003078943967819214], "times_state_multi": [0.001800063967704773, 0.0006955519914627075, 0.0017912640571594238, 0.001815551996231079, 0.002840735912322998, 0.0023746559619903566, 0.03752067184448242, 0.002436448097229004, 0.0016015360355377197, 0.051967361450195315], "times_gen2_single": [0.0006209279894828796, 0.00048601600527763367, 0.0005046079754829406, 0.0006011520028114318, 0.0008685759902000427, 0.0007925760149955749, 0.0013444479703903199, 0.002672640085220337, 0.005636223793029785, 0.012063743591308594], "times_gen2_multi": [0.0005857920050621033, 0.00043724799156188965, 0.0003973119854927063, 0.0005713919997215271, 0.0007772160172462464, 0.0008590720295906067, 0.0013527040481567383, 0.0027292799949645997, 0.005686272144317627, 0.012088319778442384], "mems_leaky_single": [0.421875, 0.421875, 0.421875, 0.421875, 0.421875, 0.421875, 0.421875, 0.421875, 0.421875, 0.421875], "mems_leaky_multi": [0.421875, 0.421875, 0.421875, 0.421875, 0.421875, 0.421875, 0.421875, 0.421875, 0.421875, 0.421875], "mems_state_single": [2.5, 5.25, 11.5, 25.0, 54.875, 118.0, 251.0, 539.25, 1160.25, 2502.0], "mems_state_multi": [2.5, 5.25, 11.5, 25.0, 54.875, 118.0, 251.0, 539.25, 1160.25, 2502.0], "mems_gen2_single": [5.2734375, 11.07421875, 25.8828125, 52.984375, 116.75390625, 252.3125, 529.09375, 1136.9453125, 2447.40234375, 5280.4375], "mems_gen2_multi": [5.2734375, 11.07421875, 25.8828125, 52.984375, 116.75390625, 252.3125, 529.09375, 1136.9453125, 2447.40234375, 5280.4375]}], "train": [{"batch_size": 64, "channels": 256, "times_leaky_single": [0.03985212707519531, 0.005039103984832764, 0.009730175971984863, 0.01965772819519043, 0.041971649169921875, 0.08796160125732422, 0.1898250274658203, 0.40968292236328124, 0.9776691284179687, 1.9933980712890624], "times_leaky_multi": [0.003052544116973877, 0.0051333122253417966, 0.08862003326416015, 0.10331756591796876, 0.1107589111328125, 0.08763597106933593, 0.18894825744628907, 0.40989300537109374, 0.8931221313476563, 2.019743408203125], "times_state_single": [0.0027648000717163087, 0.0034863998889923097, 0.003672127962112427, 0.006429887771606445, 0.00242195200920105, 0.004005887985229492, 0.005690303802490235, 0.005603456020355225, 0.030783456802368166, 0.10142515563964843], "times_state_multi": [0.004263936042785644, 0.0033529601097106935, 0.003537919998168945, 0.0038075520992279055, 0.004679743766784668, 0.004972479820251465, 0.004873216152191162, 0.005551040172576904, 0.004716159820556641, 0.006319168090820312], "times_gen2_single": [0.004180704116821289, 0.0012533760070800781, 0.001324031949043274, 0.0014206399917602538, 0.00184934401512146, 0.0016220159530639649, 0.002428992033004761, 0.003861504077911377, 0.006884352207183838, 0.012796064376831055], "times_gen2_multi": [0.001277951955795288, 0.0011909120082855224, 0.001185696005821228, 0.001393664002418518, 0.0016569600105285644, 0.0015884480476379395, 0.0023992319107055664, 0.003771456003189087, 0.006598527908325195, 0.012838912010192872], "mems_leaky_single": [10.1142578125, 3.36962890625, 6.5068359375, 13.283203125, 27.71435546875, 58.9609375, 126.22265625, 271.0361328125, 583.12548828125, 1255.6171875], "mems_leaky_multi": [1.9931640625, 3.37890625, 6.5283203125, 13.3310546875, 27.818359375, 59.1865234375, 126.7099609375, 272.0869140625, 585.390625, 1260.4990234375], "mems_state_single": [4.3232421875, 9.146484375, 20.1083984375, 43.78662109375, 97.025390625, 208.458984375, 438.42578125, 946.21240234375, 2034.9609375, 4389.880859375], "mems_state_multi": [4.33251953125, 9.16650390625, 20.21533203125, 43.8837890625, 97.234375, 208.91015625, 439.3984375, 947.3486328125, 2039.47509765625, 4399.60791015625], "mems_gen2_single": [6.5244140625, 14.1376953125, 31.6337890625, 65.4853515625, 145.3173828125, 313.3134765625, 654.0947265625, 1406.1962890625, 3027.5283203125, 6532.4384765625], "mems_gen2_multi": [6.5244140625, 14.1376953125, 31.6337890625, 65.4853515625, 144.7548828125, 313.3134765625, 654.0947265625, 1406.1962890625, 3027.5283203125, 6532.4384765625]}]}