{"infer": [{"batch_size": 64, "channels": 256, "times_state_full": [0.0026069760322570803, 0.002663424015045166, 0.0020879359245300293, 0.002497535943984985, 0.0029515199661254883, 0.0033291840553283693, 0.003384448051452637, 0.002441215991973877, 0.0020192000865936277, 0.004238336086273193], "mems_state_full": [1.25, 3.0, 7.375, 19.1875, 46.4375, 110.9375, 271.3125, 659.25, 1616.0, 3952.75], "times_state_k512": [0.002082815885543823, 0.002669663906097412, 0.0025210878849029543, 0.0024343039989471434, 0.0028179199695587158, 0.0035090880393981935, 0.0033474559783935546, 0.0010548160076141358, 0.0014266879558563232, 0.001825119972229004], "mems_state_k512": [1.25, 3.0, 7.375, 19.1875, 46.4375, 111.46875, 271.3125, 659.25, 1615.59375, 3952.75], "times_state_k4096": [0.052471839904785156, 0.0006800320148468018, 0.0021097280979156495, 0.0024656960964202883, 0.003029887914657593, 0.003126271963119507, 0.07310752105712891, 0.0035102720260620115, 0.0038010880947113037, 0.0043489279747009274], "mems_state_k4096": [1.25, 3.0, 7.375, 18.96875, 46.4375, 110.9375, 271.3125, 659.25, 1615.59375, 3952.75]}], "train": [{"batch_size": 64, "channels": 256, "times_state_full": [0.033680702209472654, 0.007245535850524902, 0.006525951862335205, 0.008686623573303222, 0.007561215877532959, 0.007798175811767578, 0.008338656425476074, 0.07405865478515625, 0.0083056640625, 0.012362751960754394], "mems_state_full": [10.251953125, 5.26611328125, 12.99072265625, 33.13037109375, 83.1103515625, 196.6298828125, 479.1728515625, 1164.97802734375, 2853.3232421875, 6979.28466796875], "times_state_k512": [0.006416160106658936, 0.006940671920776367, 0.004919360160827637, 0.035609249114990235, 0.001903712034225464, 0.002997119903564453, 0.007888512134552002, 0.00799129581451416, 0.00564847993850708, 0.010601375579833984], "mems_state_k512": [2.17626953125, 5.26611328125, 12.99072265625, 32.91162109375, 83.1103515625, 185.00390625, 425.00390625, 1005.84765625, 2441.00390625, 5946.09765625], "times_state_k4096": [0.006594560146331787, 0.007212063789367676, 0.006098944187164307, 0.0064737281799316405, 0.007334911823272705, 0.007395423889160156, 0.00762505578994751, 0.007778304100036621, 0.008077312469482421, 0.00817039966583252], "mems_state_k4096": [2.17626953125, 5.26611328125, 12.99072265625, 32.91162109375, 83.1103515625, 196.6298828125, 479.1728515625, 1124.875, 2560.03125, 6065.125]}]}