{"infer": [{"batch_size": 64, "channels": 256, "times_state_8": [0.005318496227264404, 0.0014860479831695556, 0.002298880100250244, 0.002188352108001709, 0.0011059199571609498, 0.004839231967926025, 0.005758975982666016, 0.005798912048339844, 0.005806079864501953, 0.006003712177276611], "times_state_16": [0.0034058239459991454, 0.003054431915283203, 0.003516416072845459, 0.0033331520557403566, 0.003039520025253296, 0.003537919998168945, 0.004148960113525391, 0.0040457921028137205, 0.0045281281471252445, 0.004282688140869141], "times_state_32": [0.002376703977584839, 0.00274617600440979, 0.0020796480178833007, 0.0024401919841766356, 0.0025224640369415283, 0.00298905611038208, 0.0030658559799194335, 0.003446048021316528, 0.003401952028274536, 0.0037377920150756835], "mems_state_8": [0.3125, 0.65625, 1.4375, 3.125, 6.71875, 14.5, 31.625, 67.65625, 145.03125, 312.5], "mems_state_16": [0.625, 1.3125, 2.875, 6.875, 13.4375, 29.0, 64.0, 136.0, 290.0625, 625.0], "mems_state_32": [1.25, 2.625, 5.75, 12.5, 27.4375, 59.0, 126.5, 271.3125, 583.03125, 1250.0]}], "train": [{"batch_size": 64, "channels": 256, "times_state_8": [0.034513790130615236, 0.022416383743286132, 0.0225894718170166, 0.0051322560310363766, 0.022819839477539062, 0.023330816268920897, 0.02372812843322754, 0.023549951553344727, 0.02444144058227539, 0.02457088088989258], "times_state_16": [0.011707391738891602, 0.011468992233276368, 0.011877375602722168, 0.012002207756042481, 0.012159263610839844, 0.012947711944580078, 0.0031098880767822267, 0.013328319549560546, 0.013637632369995116, 0.013602815628051757], "times_state_32": [0.006358176231384277, 0.0070644478797912596, 0.006576191902160644, 0.006423679828643799, 0.00275763201713562, 0.007958528041839599, 0.0078039999008178715, 0.008327487945556641, 0.008061951637268066, 0.007461887836456299], "mems_state_8": [8.845703125, 1.236328125, 2.59814453125, 5.6572265625, 12.1796875, 26.27734375, 57.0234375, 122.3642578125, 262.89697265625, 566.47509765625], "mems_state_16": [1.189453125, 2.32275390625, 5.10595703125, 11.1181640625, 24.734375, 51.64453125, 113.9609375, 242.2236328125, 517.67822265625, 1113.34228515625], "mems_state_32": [2.17626953125, 4.60400390625, 10.12158203125, 22.0400390625, 48.015625, 102.37890625, 224.4296875, 478.8173828125, 1029.13134765625, 2207.07666015625]}]}