{"infer": [{"batch_size": 64, "channels": 256, "times_state_full": [0.0025077760219573975, 0.0026951680183410643, 0.002075711965560913, 0.002397183895111084, 0.0029276158809661865, 0.0031385600566864015, 0.0033710079193115233, 0.0034509119987487795, 0.003441663980484009, 0.004227071762084961], "mems_state_full": [1.25, 3.0, 7.375, 19.1875, 46.4375, 110.9375, 271.3125, 659.25, 1616.0, 3952.75], "times_state_k512": [0.0021610560417175293, 0.069212158203125, 0.002431168079376221, 0.0025805439949035643, 0.0029227519035339355, 0.003208479881286621, 0.002096832036972046, 0.0035112960338592528, 0.004830207824707031, 0.0025386879444122316], "mems_state_k512": [1.25, 3.0, 7.375, 19.1875, 46.4375, 111.46875, 271.3125, 659.25, 1615.59375, 3952.75], "times_state_k4096": [0.0024750080108642577, 0.002707456111907959, 0.0020254719257354736, 0.002540544033050537, 0.002926687955856323, 0.0031979520320892336, 0.0033812479972839355, 0.0035552639961242676, 0.003778559923171997, 0.043840511322021485], "mems_state_k4096": [1.25, 3.0, 7.375, 18.96875, 46.4375, 110.9375, 271.3125, 659.25, 1615.59375, 3952.75]}], "train": [{"batch_size": 64, "channels": 256, "times_state_full": [0.03450368118286133, 0.00710041618347168, 0.00610748815536499, 0.008519680023193359, 0.0018831360340118408, 0.002668544054031372, 0.0073473920822143554, 0.008458175659179688, 0.008034015655517578, 0.011885567665100098], "mems_state_full": [10.251953125, 5.26611328125, 12.99072265625, 33.13037109375, 83.1103515625, 196.6298828125, 479.1728515625, 1164.97802734375, 2853.3232421875, 6979.28466796875], "times_state_k512": [0.006530144214630127, 0.0067636799812316895, 0.00638259220123291, 0.006629663944244385, 0.007344128131866455, 0.007477248191833496, 0.007481728076934814, 0.007664639949798584, 0.006848512172698974, 0.007862271785736084], "mems_state_k512": [2.17626953125, 5.26611328125, 12.99072265625, 32.91162109375, 83.1103515625, 185.00390625, 425.00390625, 1005.84765625, 2441.00390625, 5946.09765625], "times_state_k4096": [0.00623308801651001, 0.007113088130950928, 0.0059773120880126955, 0.0065112318992614744, 0.007345151901245117, 0.00778380823135376, 0.0076656961441040035, 0.007935935974121094, 0.007305247783660889, 0.003374336004257202], "mems_state_k4096": [2.17626953125, 5.26611328125, 12.99072265625, 32.91162109375, 83.1103515625, 196.6298828125, 479.1728515625, 1124.875, 2560.03125, 6065.125]}]}