{"infer": [{"batch_size": 64, "channels": 256, "times_state_8": [0.0014551039934158326, 0.001164512038230896, 0.005340191841125488, 0.005681151866912842, 0.004687744140625, 0.004787551879882813, 0.005511168003082275, 0.005715072154998779, 0.005152031898498535, 0.0059361281394958495], "times_state_16": [0.003171328067779541, 0.003008512020111084, 0.003640671968460083, 0.0034706239700317385, 0.0029614078998565674, 0.003630239963531494, 0.004100287914276123, 0.004012767791748047, 0.03846867370605469, 0.004316448211669922], "times_state_32": [0.0024319679737091066, 0.002692960023880005, 0.0020244479179382323, 0.0025027201175689697, 0.0025036799907684325, 0.0032511999607086183, 0.003142656087875366, 0.003408544063568115, 0.027866943359375, 0.0037355520725250242], "mems_state_8": [0.3125, 0.65625, 1.4375, 3.125, 6.71875, 14.5, 31.625, 67.65625, 145.03125, 312.5], "mems_state_16": [0.625, 1.3125, 2.875, 6.875, 13.4375, 29.0, 64.0, 136.0, 290.0625, 625.0], "mems_state_32": [1.25, 2.625, 5.75, 12.5, 27.4375, 59.0, 126.5, 271.3125, 583.03125, 1250.0]}], "train": [{"batch_size": 64, "channels": 256, "times_state_8": [0.03612393569946289, 0.009371647834777832, 0.009063424110412598, 0.009103360176086426, 0.00858892822265625, 0.022714368820190428, 0.023624704360961913, 0.009092096328735352, 0.004643072128295898, 0.009647104263305664], "times_state_16": [0.007774623870849609, 0.007921664237976075, 0.008578144073486327, 0.007507967948913574, 0.08747417449951173, 0.0130764799118042, 0.012650495529174804, 0.008333632469177246, 0.007880703926086426, 0.0074106879234313965], "times_state_32": [0.005753983974456787, 0.006098944187164307, 0.09277439880371094, 0.005840511798858643, 0.007155712127685547, 0.008176608085632324, 0.006770688056945801, 0.005226208209991455, 0.0069959678649902345, 0.007256224155426026], "mems_state_8": [8.845703125, 1.236328125, 2.59814453125, 5.6572265625, 12.1796875, 26.27734375, 57.0234375, 122.3642578125, 262.89697265625, 566.47509765625], "mems_state_16": [1.189453125, 2.32275390625, 5.10595703125, 11.1181640625, 24.734375, 51.64453125, 113.9609375, 242.2236328125, 517.67822265625, 1113.34228515625], "mems_state_32": [2.17626953125, 4.60400390625, 10.12158203125, 22.0400390625, 48.015625, 102.37890625, 224.4296875, 478.8173828125, 1029.13134765625, 2207.07666015625]}]}