{"infer": [{"batch_size": 64, "channels": 256, "times_leaky_single": [0.01012940788269043, 0.0024619200229644774, 0.0048537278175354, 0.009575615882873536, 0.020024320602416993, 0.04375040054321289, 0.0919593276977539, 0.19579084777832031, 0.4276206359863281, 0.9091226196289063], "times_leaky_multi": [0.0013312000036239625, 0.0024340479373931886, 0.004712639808654785, 0.009556991577148437, 0.02008857536315918, 0.043827808380126954, 0.090714111328125, 0.19698812866210938, 0.44080621337890624, 0.9180999755859375], "times_state_single": [0.0018803520202636719, 0.0015264320373535156, 0.0014950400590896607, 0.001922943949699402, 0.002188416004180908, 0.002299040079116821, 0.002403007984161377, 0.002461695909500122, 0.0026603519916534426, 0.003027904033660889], "times_state_multi": [0.0018216960430145264, 0.0013824000358581543, 0.001882207989692688, 0.04243881607055664, 0.0021819839477539064, 0.01683456039428711, 0.0022958080768585203, 0.027155519485473633, 0.002699104070663452, 0.003290112018585205], "times_gen2_single": [0.0005990399718284607, 0.0004904960095882415, 0.0004750399887561798, 0.0006062080264091492, 0.0008081920146942138, 0.0007833600044250488, 0.0013250559568405151, 0.0027056961059570314, 0.005772384166717529, 0.01203609561920166], "times_gen2_multi": [0.0005823680162429809, 0.00043123200535774233, 0.00038707199692726135, 0.0005683199763298034, 0.0007099199891090393, 0.000832319974899292, 0.0013568639755249024, 0.002663424015045166, 0.00563097620010376, 0.012099200248718262], "mems_leaky_single": [0.421875, 0.421875, 0.421875, 0.421875, 0.421875, 0.421875, 0.421875, 0.421875, 0.421875, 0.421875], "mems_leaky_multi": [0.421875, 0.421875, 0.421875, 0.421875, 0.421875, 0.421875, 0.421875, 0.421875, 0.421875, 0.421875], "mems_state_single": [2.5, 5.25, 11.5, 25.0, 54.875, 118.0, 251.0, 539.25, 1160.25, 2502.0], "mems_state_multi": [2.5, 5.25, 11.5, 25.0, 54.875, 118.0, 251.0, 539.25, 1160.25, 2502.0], "mems_gen2_single": [5.2734375, 11.07421875, 25.8828125, 52.984375, 116.75390625, 252.3125, 529.09375, 1136.9453125, 2447.40234375, 5280.4375], "mems_gen2_multi": [5.2734375, 11.07421875, 25.8828125, 52.984375, 116.75390625, 252.3125, 529.09375, 1136.9453125, 2447.40234375, 5280.4375]}], "train": [{"batch_size": 64, "channels": 256, "times_leaky_single": [0.04124553680419922, 0.004904960155487061, 0.009679871559143067, 0.01962188720703125, 0.040664161682128906, 0.08765711975097656, 0.1913712615966797, 0.40591668701171874, 0.9612554321289063, 1.99305322265625], "times_leaky_multi": [0.00326694393157959, 0.005016672134399414, 0.00971571159362793, 0.019749887466430666, 0.04103152084350586, 0.08769638061523438, 0.19102534484863282, 0.41299752807617185, 0.9661982421875, 2.0120032958984373], "times_state_single": [0.004891647815704346, 0.0034099199771881103, 0.003825824022293091, 0.006506591796875, 0.005179520130157471, 0.005488383769989014, 0.002027424097061157, 0.005699584007263184, 0.005708127975463867, 0.00656774377822876], "times_state_multi": [0.0038153600692749025, 0.0033208000659942626, 0.003989376068115234, 0.0012625919580459594, 0.021165056228637694, 0.004921088218688965, 0.005461311817169189, 0.005636159896850586, 0.006011104106903076, 0.005928959846496582], "times_gen2_single": [0.00422057580947876, 0.0012380800247192383, 0.0013182719945907593, 0.0013844480514526368, 0.0018462400436401367, 0.001693727970123291, 0.0023661119937896727, 0.003689631938934326, 0.006770688056945801, 0.012974080085754394], "times_gen2_multi": [0.0013475840091705322, 0.0012021759748458863, 0.0012103359699249267, 0.0014275519847869874, 0.0016524480581283569, 0.0015289280414581298, 0.002254848003387451, 0.0035594239234924318, 0.006642687797546387, 0.012743680000305176], "mems_leaky_single": [10.1142578125, 3.36962890625, 6.5068359375, 13.283203125, 27.71435546875, 58.9609375, 126.22265625, 271.0361328125, 583.12548828125, 1255.6171875], "mems_leaky_multi": [1.9931640625, 3.37890625, 6.5283203125, 13.3310546875, 27.818359375, 59.1865234375, 126.7099609375, 272.0869140625, 585.390625, 1260.4990234375], "mems_state_single": [4.3232421875, 9.146484375, 20.1083984375, 43.78662109375, 97.025390625, 208.458984375, 438.42578125, 946.21240234375, 2034.9609375, 4389.880859375], "mems_state_multi": [4.33251953125, 9.16650390625, 20.21533203125, 43.8837890625, 97.234375, 208.91015625, 439.3984375, 947.3486328125, 2039.47509765625, 4399.60791015625], "mems_gen2_single": [6.5244140625, 14.1376953125, 31.6337890625, 65.4853515625, 145.3173828125, 313.3134765625, 654.0947265625, 1406.1962890625, 3027.5283203125, 6532.4384765625], "mems_gen2_multi": [6.5244140625, 14.1376953125, 31.6337890625, 65.4853515625, 144.7548828125, 313.3134765625, 654.0947265625, 1406.1962890625, 3027.5283203125, 6532.4384765625]}]}