{"infer": [{"batch_size": 16, "channels": 121, "times_leaky_single": [0.0014704639911651612, 0.0029511680603027343, 0.007374847888946533, 0.01943961524963379, 0.05293772888183594, 0.14844210815429687, 0.41351971435546875, 1.146650634765625, 3.2218603515625, 8.8481611328125], "times_leaky_multi": [0.0014028799533843993, 0.0029790399074554443, 0.007247968196868897, 0.019527456283569337, 0.05288345718383789, 0.14858122253417969, 0.4131375732421875, 1.151080322265625, 3.166639892578125, 8.801904296875], "times_state_single": [0.0015277440547943116, 0.001799456000328064, 0.0018320319652557373, 0.0015131839513778686, 0.0017756479978561402, 0.002130944013595581, 0.002339967966079712, 0.0022764160633087158, 0.0007832319736480712, 0.0030504961013793947], "times_state_multi": [0.0014141440391540528, 0.0014755840301513671, 0.00181878399848938, 0.0013864959478378297, 0.0018495680093765258, 0.002017280101776123, 0.002306272029876709, 0.0023202240467071534, 0.0025865280628204344, 0.0033539841175079348], "times_gen2_single": [0.006968319892883301, 0.0004577279984951019, 0.0005899199843406677, 0.0004996159970760345, 0.0006410239934921265, 0.0006875200271606446, 0.0009830399751663207, 0.0009299200177192687, 0.0009690560102462768, 0.013645824432373046], "times_gen2_multi": [0.0006001920104026794, 0.00045894399285316466, 0.0004792320132255554, 0.000460671991109848, 0.0822108154296875, 0.0006524800062179566, 0.0009513919949531556, 0.0008028159737586975, 0.0010465279817581177, 0.013709440231323242], "mems_leaky_single": [0.046875, 0.046875, 0.046875, 0.046875, 0.046875, 0.046875, 0.046875, 0.046875, 0.046875, 0.046875], "mems_leaky_multi": [0.046875, 0.046875, 0.046875, 0.046875, 0.046875, 0.046875, 0.046875, 0.046875, 0.046875, 0.046875], "mems_state_single": [0.296875, 0.798828125, 2.275390625, 6.3515625, 17.6953125, 49.275390625, 137.1015625, 382.76171875, 1062.8232421875, 2955.05078125], "mems_state_multi": [0.296875, 0.798828125, 2.275390625, 6.3515625, 17.6953125, 49.275390625, 137.1015625, 382.76171875, 1062.8232421875, 2955.05078125], "mems_gen2_single": [0.6416015625, 1.7275390625, 4.9130859375, 14.2890625, 38.53955078125, 108.24560546875, 296.75439453125, 827.46142578125, 2295.82763671875, 6379.984375], "mems_gen2_multi": [0.6416015625, 1.7275390625, 4.9130859375, 14.2890625, 38.53955078125, 108.24560546875, 296.75439453125, 827.46142578125, 2295.82763671875, 6379.984375]}], "train": [{"batch_size": 16, "channels": 121, "times_leaky_single": [0.04194876861572266, 0.006140927791595459, 0.015986687660217287, 0.04044985580444336, 0.11222528076171875, 0.30689678955078126, 0.8600064086914062, 2.495770751953125, 7.02469921875, 19.675373046875], "times_leaky_multi": [0.0029675519466400148, 0.005909503936767578, 0.015258336067199707, 0.041560062408447264, 0.10974224090576172, 0.30742340087890624, 0.8593828125, 2.528787353515625, 7.06199267578125, 19.9783828125], "times_state_single": [0.0038388800621032716, 0.0034908161163330078, 0.004074687957763672, 0.0038572800159454345, 0.004029823780059815, 0.005303391933441162, 0.005557248115539551, 0.005684000015258789, 0.005383359909057617, 0.014334976196289062], "times_state_multi": [0.003278656005859375, 0.0033199360370635986, 0.0036679039001464844, 0.003305408000946045, 0.00365775990486145, 0.00491315221786499, 0.004876704216003418, 0.005194752216339111, 0.04986403274536133, 0.0024995839595794676], "times_gen2_single": [0.004070400238037109, 0.0012513920068740845, 0.0014214400053024292, 0.0013732800483703613, 0.0013148159980773926, 0.03524300765991211, 0.0018636800050735474, 0.0018698240518569946, 0.0022672319412231443, 0.0032965118885040284], "times_gen2_multi": [0.0011551040410995484, 0.0012265280485153197, 0.0014351999759674072, 0.0011560959815979004, 0.0013014719486236573, 0.0015687680244445802, 0.0017539839744567872, 0.024819040298461915, 0.001798143982887268, 0.009338879585266113], "mems_leaky_single": [8.44677734375, 0.595703125, 1.4013671875, 3.625, 9.8125, 27.03759765625, 74.9423828125, 208.263671875, 579.23974609375, 1611.48876953125], "mems_leaky_multi": [0.32177734375, 0.595703125, 1.4013671875, 3.625, 9.8125, 27.03759765625, 74.9423828125, 208.263671875, 579.23974609375, 1611.48876953125], "mems_state_single": [0.517578125, 1.40380859375, 4.01171875, 12.17041015625, 31.24365234375, 87.01416015625, 242.1162109375, 676.86328125, 1877.8154296875, 5217.93017578125], "mems_state_multi": [0.52197265625, 1.416015625, 4.046875, 12.26904296875, 31.51806640625, 87.77734375, 244.37939453125, 682.775390625, 1894.2666015625, 5263.70654296875], "mems_gen2_single": [0.791015625, 2.1279296875, 6.0517578125, 18.41845703125, 47.38818359375, 132.63671875, 365.30615234375, 1020.08154296875, 2828.4169921875, 7857.8974609375], "mems_gen2_multi": [0.791015625, 2.1279296875, 6.0517578125, 18.41845703125, 47.38818359375, 132.63671875, 365.30615234375, 1019.46240234375, 2827.82861328125, 7857.8974609375]}]}