{"infer": [{"batch_size": 16, "channels": 121, "times_leaky_single": [0.0015022079944610595, 0.0029589440822601317, 0.007411520004272461, 0.01942630386352539, 0.05342022323608398, 0.1475713653564453, 0.41177496337890623, 1.153990234375, 3.234115234375, 8.946037109375], "times_leaky_multi": [0.0013486080169677734, 0.0028149759769439697, 0.007364672183990478, 0.019430400848388672, 0.05398220825195312, 0.14820249938964844, 0.4137565612792969, 1.1522589111328125, 3.184176025390625, 8.875220703125], "times_state_single": [0.0014407680034637452, 0.0018505599498748779, 0.0018124799728393554, 0.001432800054550171, 0.0018821120262145995, 0.0020582399368286133, 0.002317312002182007, 0.002331968069076538, 0.0025661439895629883, 0.0030402560234069824], "times_state_multi": [0.001459488034248352, 0.001468448042869568, 0.0017694720029830932, 0.0015164799690246583, 0.0009769279956817628, 0.0020100159645080567, 0.0022558720111846924, 0.0023859200477600096, 0.0008213120102882385, 0.0028878400325775145], "times_gen2_single": [0.00786672019958496, 0.0004003840088844299, 0.02081657600402832, 0.0004865599870681763, 0.0006225919723510743, 0.000723583996295929, 0.0009614080190658569, 0.0009225919842720032, 0.0010729919672012329, 0.01366528034210205], "times_gen2_multi": [0.0005867840051651001, 0.0004333440065383911, 0.0005581759810447692, 0.0003952639997005463, 0.0006032639741897583, 0.0006205440163612366, 0.0009748799800872803, 0.0008611840009689331, 0.0009656320214271546, 0.013672479629516602], "mems_leaky_single": [0.046875, 0.046875, 0.046875, 0.046875, 0.046875, 0.046875, 0.046875, 0.046875, 0.046875, 0.046875], "mems_leaky_multi": [0.046875, 0.046875, 0.046875, 0.046875, 0.046875, 0.046875, 0.046875, 0.046875, 0.046875, 0.046875], "mems_state_single": [0.296875, 0.798828125, 2.275390625, 6.3515625, 17.6953125, 49.275390625, 137.1015625, 382.76171875, 1062.8232421875, 2955.05078125], "mems_state_multi": [0.296875, 0.798828125, 2.275390625, 6.3515625, 17.6953125, 49.275390625, 137.1015625, 382.76171875, 1062.8232421875, 2955.05078125], "mems_gen2_single": [0.6416015625, 1.7275390625, 4.9130859375, 14.2890625, 38.53955078125, 108.24560546875, 296.75439453125, 827.46142578125, 2295.82763671875, 6379.984375], "mems_gen2_multi": [0.6416015625, 1.7275390625, 4.9130859375, 14.2890625, 38.53955078125, 108.24560546875, 296.75439453125, 827.46142578125, 2295.82763671875, 6379.984375]}], "train": [{"batch_size": 16, "channels": 121, "times_leaky_single": [0.04943667221069336, 0.006211584091186524, 0.015247072219848633, 0.04016339111328125, 0.11031043243408203, 0.3080437622070312, 0.8830218505859375, 2.500466796875, 6.9663056640625, 19.784228515625], "times_leaky_multi": [0.0028825600147247316, 0.00638156795501709, 0.015230976104736327, 0.04014678573608398, 0.10994175720214844, 0.383283203125, 0.936815673828125, 2.525896728515625, 7.21080517578125, 20.1048359375], "times_state_single": [0.0038484160900115966, 0.00339683198928833, 0.003902240037918091, 0.0034805760383605955, 0.0037293119430541993, 0.00504256010055542, 0.005519360065460205, 0.005744639873504639, 0.006187007904052734, 0.015965184211730956], "times_state_multi": [0.003424511909484863, 0.0032835841178894044, 0.003619040012359619, 0.0030911359786987306, 0.0033987839221954344, 0.0050800638198852536, 0.005396512031555176, 0.046058494567871096, 0.006191103935241699, 0.0017502399682998656], "times_gen2_single": [0.004155488014221192, 0.0013014719486236573, 0.06931763458251954, 0.0012284799814224242, 0.0011022720336914063, 0.0016015039682388305, 0.0020374720096588135, 0.0019783680438995362, 0.0021729280948638917, 0.003462143898010254], "times_gen2_multi": [0.0012226560115814209, 0.0011601920127868653, 0.001388543963432312, 0.0011059199571609498, 0.001110208034515381, 0.0016151039600372315, 0.0018880640268325805, 0.001831712007522583, 0.0019786880016326902, 0.009953280448913575], "mems_leaky_single": [8.44677734375, 0.595703125, 1.4013671875, 3.625, 9.8125, 27.03759765625, 74.9423828125, 208.263671875, 579.23974609375, 1611.48876953125], "mems_leaky_multi": [0.32177734375, 0.595703125, 1.4013671875, 3.625, 9.8125, 27.03759765625, 74.9423828125, 208.263671875, 579.23974609375, 1611.48876953125], "mems_state_single": [0.517578125, 1.40380859375, 4.01171875, 12.17041015625, 31.24365234375, 87.01416015625, 242.1162109375, 676.86328125, 1877.8154296875, 5217.93017578125], "mems_state_multi": [0.52197265625, 1.416015625, 4.046875, 12.26904296875, 31.51806640625, 87.77734375, 244.37939453125, 682.775390625, 1894.2666015625, 5263.70654296875], "mems_gen2_single": [0.791015625, 2.1279296875, 6.0517578125, 18.41845703125, 47.38818359375, 132.63671875, 365.30615234375, 1020.08154296875, 2828.4169921875, 7857.8974609375], "mems_gen2_multi": [0.791015625, 2.1279296875, 6.0517578125, 18.41845703125, 47.38818359375, 132.63671875, 365.30615234375, 1019.46240234375, 2827.82861328125, 7857.8974609375]}]}