{"infer": [{"batch_size": 64, "channels": 256, "times_state_8": [0.00522547197341919, 0.004931968212127685, 0.005459968090057373, 0.004834303855895996, 0.004999167919158935, 0.00554534387588501, 0.005868544101715088, 0.0064767680168151855, 0.004832096099853515, 0.006053887844085694], "times_state_16": [0.003190720081329346, 0.0031251840591430663, 0.003634176015853882, 0.0031578879356384277, 0.003618815898895264, 0.0041470079421997074, 0.00402239990234375, 0.004613183975219727, 0.004623360157012939, 0.004589600086212158], "times_state_32": [0.0024238080978393555, 0.002784032106399536, 0.002026495933532715, 0.0020952320098876955, 0.0028136639595031736, 0.0031304960250854493, 0.003434144020080566, 0.0036208639144897463, 0.06000332641601563, 0.0011407359838485718], "mems_state_8": [0.3125, 0.75, 1.84375, 5.3984375, 11.9375, 27.734375, 67.65625, 166.40625, 403.796875, 990.09375], "mems_state_16": [0.625, 1.5, 3.6875, 9.125, 22.4375, 56.0, 136.0, 329.625, 807.796875, 1976.375], "mems_state_32": [1.25, 3.0, 7.375, 18.25, 45.65625, 110.9375, 271.3125, 659.25, 1615.59375, 3952.75]}], "train": [{"batch_size": 64, "channels": 256, "times_state_8": [0.038219135284423826, 0.022558719635009765, 0.033033279418945315, 0.007585792064666748, 0.01724028778076172, 0.02363929557800293, 0.015319744110107421, 0.023671424865722657, 0.024035743713378906, 0.024211456298828125], "times_state_16": [0.002837503910064697, 0.01194803237915039, 0.012452863693237304, 0.011994943618774415, 0.012035072326660156, 0.013005087852478028, 0.0133570556640625, 0.013738783836364746, 0.013355008125305176, 0.0038740160465240477], "times_state_32": [0.006583295822143555, 0.0070225920677185055, 0.0064737281799316405, 0.00912179183959961, 0.008287232398986816, 0.008252032279968262, 0.008378016471862792, 0.008418304443359375, 0.00821555233001709, 0.003549407958984375], "mems_state_8": [8.845703125, 1.376953125, 3.33447265625, 9.21630859375, 21.2744140625, 50.5908203125, 123.7431640625, 302.73974609375, 731.8154296875, 1795.13623046875], "mems_state_16": [1.189453125, 2.65673828125, 6.55322265625, 16.23974609375, 39.9541015625, 99.7236328125, 243.6025390625, 587.16943359375, 1439.3232421875, 3520.64404296875], "mems_state_32": [2.17626953125, 5.26611328125, 12.99072265625, 32.19287109375, 83.1103515625, 196.6298828125, 480.1962890625, 1164.40380859375, 2853.3232421875, 6979.28466796875]}]}