{"infer": [{"batch_size": 16, "channels": 64, "times_leaky": [0.0016906239986419678, 0.0028241920471191407, 0.0056514558792114256, 0.011716608047485352, 0.024558591842651366, 0.05280771255493164, 0.11210034942626954, 0.2423531494140625, 0.51895263671875, 1.1211510009765624], "times_state": [0.001532096028327942, 0.00048211199045181276, 0.0014834879636764526, 0.0017858239412307738, 0.002002271890640259, 0.0014346239566802978, 0.001864832043647766, 0.001852352023124695, 0.002211071968078613, 0.0022353920936584474], "mems_leaky": [0.0234375, 0.0234375, 0.0234375, 0.0234375, 0.0234375, 0.0234375, 0.0234375, 0.0234375, 0.0234375, 0.0234375], "mems_state": [0.15625, 0.328125, 0.71875, 1.5625, 3.359375, 7.25, 15.625, 33.65625, 72.515625, 158.125]}, {"batch_size": 32, "channels": 128, "times_leaky": [0.001645568013191223, 0.0029268479347229004, 0.005808127880096436, 0.01192243194580078, 0.02529280090332031, 0.0537375373840332, 0.11644825744628906, 0.24615740966796876, 0.5311979370117188, 1.144227783203125], "times_state": [0.00048211199045181276, 0.0015073280334472656, 0.0018223040103912352, 0.001405951976776123, 0.0014766080379486084, 0.0015319039821624755, 0.002110080003738403, 0.002306175947189331, 0.002283519983291626, 0.0024535040855407715], "mems_leaky": [0.1015625, 0.1015625, 0.1015625, 0.1015625, 0.1015625, 0.1015625, 0.1015625, 0.1015625, 0.1015625, 0.1015625], "mems_state": [0.625, 1.3125, 2.875, 6.25, 13.4375, 29.0, 64.0, 136.0, 291.03125, 625.0]}, {"batch_size": 64, "channels": 256, "times_leaky": [0.0017223680019378663, 0.002876415967941284, 0.005682176113128662, 0.012148736000061035, 0.02512895965576172, 0.053865184783935545, 0.11584783935546875, 0.2458060760498047, 0.5293232421875, 1.13797607421875], "times_state": [0.0014481279850006104, 0.001495200037956238, 0.0014480639696121216, 0.0015123200416564942, 0.0015104960203170777, 0.002075007915496826, 0.002308095932006836, 0.0024635200500488282, 0.0026144959926605225, 0.03645119857788086], "mems_leaky": [0.421875, 0.421875, 0.421875, 0.421875, 0.421875, 0.421875, 0.421875, 0.421875, 0.421875, 0.421875], "mems_state": [2.5, 6.125, 11.5, 25.0, 53.75, 117.0, 251.0, 539.25, 1160.25, 2502.0]}], "train": [{"batch_size": 16, "channels": 64, "times_leaky": [0.039356033325195314, 0.005532671928405761, 0.010503168106079102, 0.021381280899047853, 0.044477439880371096, 0.09672163391113281, 0.20203213500976563, 0.435774658203125, 0.9443225708007813, 2.128912109375], "times_state": [0.003715104103088379, 0.0035584321022033693, 0.0032853119373321533, 0.005847104072570801, 0.00401193618774414, 0.0038119359016418456, 0.0037294080257415773, 0.004368383884429932, 0.0050644478797912595, 0.005694655895233154], "mems_leaky": [8.2509765625, 0.21728515625, 0.4248046875, 0.873046875, 1.82763671875, 3.89453125, 8.34375, 17.9228515625, 38.56689453125, 83.05078125], "mems_state": [0.27490234375, 0.58154296875, 1.27685546875, 2.7802734375, 6.380859375, 12.984375, 27.8359375, 59.962890625, 130.55126953125, 283.63134765625]}, {"batch_size": 32, "channels": 128, "times_leaky": [0.0033607680797576906, 0.005616640090942383, 0.011669504165649413, 0.022158336639404298, 0.04746035385131836, 0.09920944213867187, 0.21445033264160157, 0.45523251342773435, 1.0557470703125, 2.17997412109375], "times_state": [0.0033372159004211427, 0.003461728096008301, 0.0038959040641784667, 0.0031406719684600832, 0.0031631360054016114, 0.004202879905700683, 0.004229119777679443, 0.004676608085632325, 0.006367231845855713, 0.008394783973693847], "mems_leaky": [0.4970703125, 0.84619140625, 1.6396484375, 3.353515625, 7.00341796875, 14.90625, 31.91796875, 68.5439453125, 147.47705078125, 317.5625], "mems_state": [1.08837890625, 2.30224609375, 5.06103515625, 12.6181640625, 23.7119140625, 51.19140625, 112.609375, 240.939453125, 513.28564453125, 1103.57666015625]}, {"batch_size": 64, "channels": 256, "times_leaky": [0.0030361599922180175, 0.005370975971221924, 0.010705599784851074, 0.022255615234375, 0.047172607421875, 0.10228736114501953, 0.21747712707519531, 0.4628768005371094, 1.02877392578125, 2.23263037109375], "times_state": [0.003337599992752075, 0.003190783977508545, 0.0008724480271339416, 0.0031600639820098878, 0.0033300480842590333, 0.07398601531982422, 0.0058856639862060545, 0.005790719985961914, 0.004203519821166992, 0.007440288066864014], "mems_leaky": [1.9931640625, 3.37890625, 6.5283203125, 13.3310546875, 27.818359375, 59.1865234375, 126.7099609375, 272.0869140625, 585.390625, 1260.4990234375], "mems_state": [4.66845703125, 10.95947265625, 20.43408203125, 44.3212890625, 94.421875, 207.91015625, 439.3984375, 947.5166015625, 2039.47509765625, 4399.60791015625]}]}