{"infer": [{"batch_size": 64, "channels": 256, "times_state_8": [0.0012042239904403688, 0.00499283218383789, 0.005306560039520264, 0.004876031875610352, 0.00487667179107666, 0.006876160144805908, 0.005809535980224609, 0.00456828784942627, 0.001445248007774353, 0.0014193600416183472], "times_state_16": [0.0030959041118621827, 0.003063807964324951, 0.00364851188659668, 0.0029811840057373047, 0.003527008056640625, 0.0041287999153137205, 0.003990655899047852, 0.004630527973175049, 0.0012206079959869384, 0.004560895919799805], "times_state_32": [0.0024746880531311033, 0.002693120002746582, 0.0020940799713134767, 0.0021585919857025145, 0.0026972160339355468, 0.003132416009902954, 0.003356544017791748, 0.003428352117538452, 0.003921279907226563, 0.0049162240028381345], "mems_state_8": [0.3125, 0.75, 1.84375, 5.3984375, 11.9375, 27.734375, 67.65625, 166.40625, 403.796875, 990.09375], "mems_state_16": [0.625, 1.5, 3.6875, 9.125, 22.4375, 56.0, 136.0, 329.625, 807.796875, 1976.375], "mems_state_32": [1.25, 3.0, 7.375, 18.25, 45.65625, 110.9375, 271.3125, 659.25, 1615.59375, 3952.75]}], "train": [{"batch_size": 64, "channels": 256, "times_state_8": [0.039212799072265624, 0.02262835121154785, 0.02289151954650879, 0.022274431228637696, 0.014713855743408203, 0.00956339168548584, 0.0314204158782959, 0.023783327102661133, 0.015767552375793456, 0.024453119277954103], "times_state_16": [0.0161844482421875, 0.012256416320800781, 0.012073216438293457, 0.005232639789581299, 0.051664894104003906, 0.007662591934204102, 0.002520416021347046, 0.013874527931213378, 0.013518112182617188, 0.007121920108795166], "times_state_32": [0.007471231937408447, 0.01701273536682129, 0.0028170878887176514, 0.00862831974029541, 0.008109087944030762, 0.006917183876037598, 0.007121856212615967, 0.008267135620117187, 0.008449215888977051, 0.00398473596572876], "mems_state_8": [8.845703125, 1.376953125, 3.33447265625, 9.21630859375, 21.2744140625, 50.5908203125, 123.7431640625, 302.73974609375, 731.8154296875, 1795.13623046875], "mems_state_16": [1.189453125, 2.65673828125, 6.55322265625, 16.23974609375, 39.9541015625, 99.7236328125, 243.6025390625, 587.16943359375, 1439.3232421875, 3520.64404296875], "mems_state_32": [2.17626953125, 5.26611328125, 12.99072265625, 32.19287109375, 83.1103515625, 196.6298828125, 480.1962890625, 1164.40380859375, 2853.3232421875, 6979.28466796875]}]}