{"infer": [{"batch_size": 64, "channels": 256, "times_state_8": [0.005118879795074463, 0.004974463939666748, 0.0052336640357971195, 0.005970848083496094, 0.004752096176147461, 0.005441535949707031, 0.005717152118682861, 0.005752831935882568, 0.005936480045318603, 0.005997951984405518], "times_state_16": [0.0031285760402679445, 0.0030658559799194335, 0.0035949759483337403, 0.0007004160284996033, 0.0034630401134490966, 0.002933759927749634, 0.001458176016807556, 0.004428800106048584, 0.0045424637794494625, 0.004722976207733155], "times_state_32": [0.0006410560011863709, 0.05622697448730469, 0.002153088092803955, 0.0013301759958267213, 0.002678783893585205, 0.0031282880306243896, 0.003328000068664551, 0.003529887914657593, 0.003644416093826294, 0.00465715217590332], "mems_state_8": [0.3125, 0.75, 1.84375, 5.3984375, 11.9375, 27.734375, 67.65625, 166.40625, 403.796875, 990.09375], "mems_state_16": [0.625, 1.5, 3.6875, 9.125, 22.4375, 56.0, 136.0, 329.625, 807.796875, 1976.375], "mems_state_32": [1.25, 3.0, 7.375, 18.25, 45.65625, 110.9375, 271.3125, 659.25, 1615.59375, 3952.75]}], "train": [{"batch_size": 64, "channels": 256, "times_state_8": [0.05166080093383789, 0.022188127517700194, 0.02211008071899414, 0.0220784969329834, 0.022145023345947267, 0.023192832946777344, 0.022212608337402344, 0.022562816619873048, 0.023694656372070313, 0.02356857681274414], "times_state_16": [0.011844608306884765, 0.011990015983581542, 0.011881471633911133, 0.011810720443725586, 0.012497952461242676, 0.01267903995513916, 0.012911999702453613, 0.013386752128601074, 0.012914688110351562, 0.006977536201477051], "times_state_32": [0.006542719841003418, 0.007003903865814209, 0.006348000049591064, 0.00890060806274414, 0.008408063888549805, 0.00784611177444458, 0.00842841625213623, 0.008236000061035156, 0.060333057403564455, 0.0033107199668884276], "mems_state_8": [8.845703125, 1.376953125, 3.33447265625, 9.21630859375, 21.2744140625, 50.5908203125, 123.7431640625, 302.73974609375, 731.8154296875, 1795.13623046875], "mems_state_16": [1.189453125, 2.65673828125, 6.55322265625, 16.23974609375, 39.9541015625, 99.7236328125, 243.6025390625, 587.16943359375, 1439.3232421875, 3520.64404296875], "mems_state_32": [2.17626953125, 5.26611328125, 12.99072265625, 32.19287109375, 83.1103515625, 196.6298828125, 480.1962890625, 1164.40380859375, 2853.3232421875, 6979.28466796875]}]}