{"infer": [{"batch_size": 64, "channels": 256, "times_state_8": [0.00449945592880249, 0.004204544067382812, 0.003855423927307129, 0.0013506560325622558, 0.0010762239694595338, 0.004921343803405762, 0.005701632022857666, 0.0058726720809936525, 0.0060133438110351566, 0.006053184032440186], "times_state_16": [0.0031784958839416503, 0.0030556159019470217, 0.0035696640014648436, 0.0034629759788513182, 0.0030624001026153566, 0.0036065280437469482, 0.004140799999237061, 0.004173759937286377, 0.0052800002098083495, 0.004362400054931641], "times_state_32": [0.0024778881072998046, 0.002717695951461792, 0.002099200010299683, 0.0024330239295959474, 0.002567039966583252, 0.0030845119953155516, 0.003074336051940918, 0.0034704639911651613, 0.0036075520515441895, 0.0036609599590301514], "mems_state_8": [0.3125, 0.65625, 1.4375, 3.125, 6.71875, 14.5, 31.625, 67.65625, 145.03125, 312.5], "mems_state_16": [0.625, 1.3125, 2.875, 6.875, 13.4375, 29.0, 64.0, 136.0, 290.0625, 625.0], "mems_state_32": [1.25, 2.625, 5.75, 12.5, 27.4375, 59.0, 126.5, 271.3125, 583.03125, 1250.0]}], "train": [{"batch_size": 64, "channels": 256, "times_state_8": [0.049360897064208986, 0.02233241653442383, 0.022745952606201172, 0.023060575485229492, 0.021559328079223634, 0.010210559844970704, 0.02406643295288086, 0.02372812843322754, 0.01810972785949707, 0.009088735580444336], "times_state_16": [0.012078816413879395, 0.011778047561645508, 0.01250102424621582, 0.006686624050140381, 0.01194268798828125, 0.013022208213806152, 0.013005824089050292, 0.013209759712219238, 0.01335807991027832, 0.010181632041931152], "times_state_32": [0.0066113600730896, 0.006974463939666748, 0.006698272228240967, 0.006664127826690674, 0.00940563201904297, 0.0019427839517593385, 0.06630194854736328, 0.008445952415466309, 0.007941120147705078, 0.008540160179138183], "mems_state_8": [8.845703125, 1.236328125, 2.59814453125, 5.6572265625, 12.1796875, 26.27734375, 57.0234375, 122.3642578125, 262.89697265625, 566.47509765625], "mems_state_16": [1.189453125, 2.32275390625, 5.10595703125, 11.1181640625, 24.734375, 51.64453125, 113.9609375, 242.2236328125, 517.67822265625, 1113.34228515625], "mems_state_32": [2.17626953125, 4.60400390625, 10.12158203125, 22.0400390625, 48.015625, 102.37890625, 224.4296875, 478.8173828125, 1029.13134765625, 2207.07666015625]}]}