{"infer": [{"batch_size": 64, "channels": 256, "times_state_8": [0.005166111946105957, 0.004945759773254395, 0.00530841588973999, 0.00544979190826416, 0.0049202561378479, 0.0054694080352783205, 0.005741919994354248, 0.005796864032745362, 0.006020095825195313, 0.006111231803894043], "times_state_16": [0.0031703040599822996, 0.003033152103424072, 0.003611423969268799, 0.0033953919410705568, 0.00355020809173584, 0.004067615985870361, 0.00401087999343872, 0.004529056072235108, 0.0028037118911743166, 0.0046369280815124515], "times_state_32": [0.0025702400207519532, 0.002760479927062988, 0.0019756799936294558, 0.002144256114959717, 0.002811903953552246, 0.0030945279598236083, 0.003380255937576294, 0.0036577279567718505, 0.0037489919662475587, 0.004506783962249756], "mems_state_8": [0.3125, 0.75, 1.84375, 5.3984375, 11.9375, 27.734375, 67.65625, 166.40625, 403.796875, 990.09375], "mems_state_16": [0.625, 1.5, 3.6875, 9.125, 22.4375, 56.0, 136.0, 329.625, 807.796875, 1976.375], "mems_state_32": [1.25, 3.0, 7.375, 18.25, 45.65625, 110.9375, 271.3125, 659.25, 1615.59375, 3952.75]}], "train": [{"batch_size": 64, "channels": 256, "times_state_8": [0.04652889633178711, 0.0194671688079834, 0.0186429443359375, 0.022784351348876953, 0.02276688003540039, 0.023755680084228514, 0.023549951553344727, 0.0237076473236084, 0.0244769287109375, 0.024477760314941407], "times_state_16": [0.048258174896240236, 0.006360064029693604, 0.012250783920288087, 0.006986591815948486, 0.010714112281799316, 0.0030095679759979247, 0.011634976387023925, 0.009102335929870605, 0.013411680221557616, 0.007700736045837402], "times_state_32": [0.0065771517753601075, 0.0070730881690979006, 0.007083392143249512, 0.008927616119384765, 0.008166336059570312, 0.0077898879051208495, 0.008689824104309083, 0.030873632431030272, 0.008237055778503418, 0.003022847890853882], "mems_state_8": [8.845703125, 1.376953125, 3.33447265625, 9.21630859375, 21.2744140625, 50.5908203125, 123.7431640625, 302.73974609375, 731.8154296875, 1795.13623046875], "mems_state_16": [1.189453125, 2.65673828125, 6.55322265625, 16.23974609375, 39.9541015625, 99.7236328125, 243.6025390625, 587.16943359375, 1439.3232421875, 3520.64404296875], "mems_state_32": [2.17626953125, 5.26611328125, 12.99072265625, 32.19287109375, 83.1103515625, 196.6298828125, 480.1962890625, 1164.40380859375, 2853.3232421875, 6979.28466796875]}]}