{"infer": [{"batch_size": 16, "channels": 64, "times_leaky": [0.0017715200185775756, 0.0029142398834228517, 0.0055848960876464845, 0.011672575950622559, 0.024404960632324217, 0.052324127197265625, 0.11242617797851563, 0.245676025390625, 0.52172900390625, 1.125939208984375], "times_state": [0.0014120960235595704, 0.0014438400268554689, 0.00047068798542022704, 0.0018152639865875245, 0.002010080099105835, 0.0014592959880828857, 0.0018233920335769653, 0.0005806080102920533, 0.0022150399684906005, 0.0022316799163818357], "mems_leaky": [0.0234375, 0.0234375, 0.0234375, 0.0234375, 0.0234375, 0.0234375, 0.0234375, 0.0234375, 0.0234375, 0.0234375], "mems_state": [0.15625, 0.328125, 0.71875, 1.5625, 3.359375, 7.25, 15.625, 33.65625, 72.515625, 158.125]}, {"batch_size": 32, "channels": 128, "times_leaky": [0.001669152021408081, 0.002936800003051758, 0.005788640022277832, 0.012048480033874511, 0.02553343963623047, 0.05374867248535156, 0.11700450897216796, 0.24578668212890625, 0.5281873779296875, 1.1571773681640625], "times_state": [0.0014776320457458496, 0.0014623359441757202, 0.001961984038352966, 0.0015029759407043457, 0.0004251199960708618, 0.001407039999961853, 0.0022159039974212645, 0.002228480100631714, 0.001511199951171875, 0.0025282559394836424], "mems_leaky": [0.1015625, 0.1015625, 0.1015625, 0.1015625, 0.1015625, 0.1015625, 0.1015625, 0.1015625, 0.1015625, 0.1015625], "mems_state": [0.625, 1.3125, 2.875, 6.25, 13.4375, 29.0, 64.0, 136.0, 291.03125, 625.0]}, {"batch_size": 64, "channels": 256, "times_leaky": [0.0016702079772949218, 0.0029706239700317385, 0.00582144021987915, 0.011914239883422852, 0.025181215286254884, 0.054093822479248044, 0.1165486068725586, 0.24772198486328126, 0.53187890625, 1.147682861328125], "times_state": [0.0013968319892883301, 0.0013752959966659545, 0.001410048007965088, 0.0015450559854507447, 0.0014460159540176391, 0.0020684800148010256, 0.002510848045349121, 0.002402496099472046, 0.0015356160402297974, 0.03834777450561523], "mems_leaky": [0.421875, 0.421875, 0.421875, 0.421875, 0.421875, 0.421875, 0.421875, 0.421875, 0.421875, 0.421875], "mems_state": [2.5, 6.125, 11.5, 25.0, 53.75, 117.0, 251.0, 539.25, 1160.25, 2502.0]}], "train": [{"batch_size": 16, "channels": 64, "times_leaky": [0.03387113571166992, 0.005552127838134766, 0.01063526439666748, 0.021823488235473632, 0.045001983642578125, 0.09522994995117187, 0.20275917053222656, 0.5214862060546875, 0.946605224609375, 2.1288408203125], "times_state": [0.003915776014328003, 0.003317791938781738, 0.003349695920944214, 0.005786719799041748, 0.003958784103393555, 0.004055039882659912, 0.0037867839336395265, 0.004380671977996826, 0.004710624217987061, 0.005431424140930176], "mems_leaky": [8.2509765625, 0.21728515625, 0.4248046875, 0.873046875, 1.82763671875, 3.89453125, 8.34375, 17.9228515625, 38.56689453125, 83.05078125], "mems_state": [0.27490234375, 0.58154296875, 1.27685546875, 2.7802734375, 6.380859375, 12.984375, 27.8359375, 59.962890625, 130.55126953125, 283.63134765625]}, {"batch_size": 32, "channels": 128, "times_leaky": [0.003520512104034424, 0.005670623779296875, 0.011128992080688476, 0.02231091117858887, 0.0467949104309082, 0.09950208282470703, 0.2136258544921875, 0.4561377258300781, 1.067104248046875, 2.192089111328125], "times_state": [0.0033822720050811768, 0.00334662389755249, 0.03458643341064453, 0.0032376959323883055, 0.0032982399463653564, 0.05046588897705078, 0.004431263923645019, 0.004584447860717773, 0.004996992111206054, 0.007749631881713868], "mems_leaky": [0.4970703125, 0.84619140625, 1.6396484375, 3.353515625, 7.00341796875, 14.90625, 31.91796875, 68.5439453125, 147.47705078125, 317.5625], "mems_state": [1.08837890625, 2.30224609375, 5.06103515625, 12.6181640625, 23.7119140625, 51.19140625, 112.609375, 240.939453125, 513.28564453125, 1103.57666015625]}, {"batch_size": 64, "channels": 256, "times_leaky": [0.0030384960174560547, 0.005408480167388916, 0.011028096199035645, 0.022326271057128907, 0.04737945556640625, 0.1005506591796875, 0.21719244384765626, 0.46583090209960937, 1.0024877319335936, 2.22730859375], "times_state": [0.003291136026382446, 0.0030788159370422363, 0.0008807039856910706, 0.0031478080749511718, 0.0033402879238128664, 0.014455807685852052, 0.005286911964416504, 0.00527785587310791, 0.006818816184997558, 0.008025279998779297], "mems_leaky": [1.9931640625, 3.37890625, 6.5283203125, 13.3310546875, 27.818359375, 59.1865234375, 126.7099609375, 272.0869140625, 585.390625, 1260.4990234375], "mems_state": [4.66845703125, 10.95947265625, 20.43408203125, 44.3212890625, 94.421875, 207.91015625, 439.3984375, 947.5166015625, 2039.47509765625, 4399.60791015625]}]}