{"infer": [{"batch_size": 64, "channels": 256, "times_state_8": [0.005181727886199951, 0.005079040050506592, 0.005323679924011231, 0.004832255840301514, 0.004842720031738281, 0.005702655792236328, 0.0058009600639343266, 0.005892096042633056, 0.06343904113769532, 0.006181888103485108], "times_state_16": [0.0031859519481658937, 0.003141632080078125, 0.003595168113708496, 0.003000607967376709, 0.0041188478469848635, 0.004110400199890137, 0.00405020809173584, 0.004448256015777588, 0.002047231912612915, 0.004586495876312256], "times_state_32": [0.0025353920459747314, 0.002686975955963135, 0.0020840001106262208, 0.002141887903213501, 0.0028273921012878416, 0.07409737396240235, 0.0022108159065246584, 0.003579904079437256, 0.003688800096511841, 0.0013189760446548461], "mems_state_8": [0.3125, 0.75, 1.84375, 5.3984375, 11.9375, 27.734375, 67.65625, 166.40625, 403.796875, 990.09375], "mems_state_16": [0.625, 1.5, 3.6875, 9.125, 22.4375, 56.0, 136.0, 329.625, 807.796875, 1976.375], "mems_state_32": [1.25, 3.0, 7.375, 18.25, 45.65625, 110.9375, 271.3125, 659.25, 1615.59375, 3952.75]}], "train": [{"batch_size": 64, "channels": 256, "times_state_8": [0.03083673667907715, 0.02230784034729004, 0.014331135749816894, 0.006925280094146728, 0.009071807861328125, 0.009648127555847168, 0.02383452796936035, 0.02352332878112793, 0.023083072662353515, 0.009703424453735352], "times_state_16": [0.008246272087097169, 0.012089280128479004, 0.008044639587402343, 0.007202112197875977, 0.007976255893707275, 0.007932928085327149, 0.012511520385742188, 0.013331616401672363, 0.008045568466186523, 0.007398399829864502], "times_state_32": [0.005916672229766846, 0.006951935768127441, 0.005739840030670166, 0.007565311908721924, 0.006791168212890625, 0.00698252820968628, 0.008169407844543458, 0.007294879913330078, 0.00722547197341919, 0.005989376068115234], "mems_state_8": [8.845703125, 1.376953125, 3.33447265625, 9.21630859375, 21.2744140625, 50.5908203125, 123.7431640625, 302.73974609375, 731.8154296875, 1795.13623046875], "mems_state_16": [1.189453125, 2.65673828125, 6.55322265625, 16.23974609375, 39.9541015625, 99.7236328125, 243.6025390625, 587.16943359375, 1439.3232421875, 3520.64404296875], "mems_state_32": [2.17626953125, 5.26611328125, 12.99072265625, 32.19287109375, 83.1103515625, 196.6298828125, 480.1962890625, 1164.40380859375, 2853.3232421875, 6979.28466796875]}]}