{"infer": [{"batch_size": 64, "channels": 256, "times_state_8": [0.001227776050567627, 0.004986879825592041, 0.005272575855255127, 0.005611519813537597, 0.005011263847351074, 0.00486729621887207, 0.005596159934997558, 0.005884928226470947, 0.0059658241271972655, 0.006078495979309082], "times_state_16": [0.0030146560668945313, 0.0033567678928375245, 0.0035808959007263184, 0.0034591999053955077, 0.0030453760623931885, 0.0010851839780807496, 0.004110335826873779, 0.004042751789093017, 0.019099647521972657, 0.00427452802658081], "times_state_32": [0.002483232021331787, 0.002661375999450684, 0.002129120111465454, 0.0025241599082946775, 0.002549760103225708, 0.0029736959934234617, 0.0026418240070343016, 0.0034649600982666015, 0.026428415298461915, 0.003817471981048584], "mems_state_8": [0.3125, 0.65625, 1.4375, 3.125, 6.71875, 14.5, 31.625, 67.65625, 145.03125, 312.5], "mems_state_16": [0.625, 1.3125, 2.875, 6.875, 13.4375, 29.0, 64.0, 136.0, 290.0625, 625.0], "mems_state_32": [1.25, 2.625, 5.75, 12.5, 27.4375, 59.0, 126.5, 271.3125, 583.03125, 1250.0]}], "train": [{"batch_size": 64, "channels": 256, "times_state_8": [0.04416729736328125, 0.020768415451049804, 0.022365184783935548, 0.018135040283203126, 0.023968767166137696, 0.023030527114868166, 0.02371830368041992, 0.02415001678466797, 0.08860908508300781, 0.02427903938293457], "times_state_16": [0.018600351333618165, 0.012295424461364746, 0.01033903980255127, 0.011906047821044922, 0.002719840049743652, 0.009119903564453125, 0.012918047904968262, 0.012842368125915528, 0.013742015838623048, 0.013750176429748535], "times_state_32": [0.007325695991516113, 0.007315487861633301, 0.022076223373413088, 0.005893152236938476, 0.009345184326171875, 0.007965472221374512, 0.00809603214263916, 0.007729152202606201, 0.007825407981872558, 0.008550399780273438], "mems_state_8": [8.845703125, 1.236328125, 2.59814453125, 5.6572265625, 12.1796875, 26.27734375, 57.0234375, 122.3642578125, 262.89697265625, 566.47509765625], "mems_state_16": [1.189453125, 2.32275390625, 5.10595703125, 11.1181640625, 24.734375, 51.64453125, 113.9609375, 242.2236328125, 517.67822265625, 1113.34228515625], "mems_state_32": [2.17626953125, 4.60400390625, 10.12158203125, 22.0400390625, 48.015625, 102.37890625, 224.4296875, 478.8173828125, 1029.13134765625, 2207.07666015625]}]}