{"infer": [{"batch_size": 16, "channels": 64, "times_leaky": [0.001703935980796814, 0.002845695972442627, 0.005706655979156494, 0.012048383712768555, 0.024675487518310547, 0.052847614288330076, 0.11377638244628906, 0.24516505432128907, 0.5293096923828124, 1.1382156982421876], "times_state": [0.0015196160078048706, 0.0014593280553817749, 0.0014786560535430908, 0.0018227200508117677, 0.0020538558959960936, 0.0014346239566802978, 0.0017592320442199707, 0.001683519959449768, 0.002275327920913696, 0.0022425599098205564], "mems_leaky": [0.0234375, 0.0234375, 0.0234375, 0.0234375, 0.0234375, 0.0234375, 0.0234375, 0.0234375, 0.0234375, 0.0234375], "mems_state": [0.15625, 0.328125, 0.71875, 1.5625, 3.359375, 7.25, 15.625, 33.65625, 72.515625, 158.125]}, {"batch_size": 32, "channels": 128, "times_leaky": [0.0016107519865036011, 0.003056672096252441, 0.005923200130462647, 0.012282976150512695, 0.02577881622314453, 0.05472665786743164, 0.11711385345458984, 0.2509279022216797, 0.5365196533203125, 1.170597900390625], "times_state": [0.001481727957725525, 0.0014667520523071289, 0.0018444160223007203, 0.0014776320457458496, 0.0014315520524978637, 0.001520799994468689, 0.002173952102661133, 0.002252959966659546, 0.002368511915206909, 0.002442975997924805], "mems_leaky": [0.1015625, 0.1015625, 0.1015625, 0.1015625, 0.1015625, 0.1015625, 0.1015625, 0.1015625, 0.1015625, 0.1015625], "mems_state": [0.625, 1.3125, 2.875, 6.25, 13.4375, 29.0, 64.0, 136.0, 291.03125, 625.0]}, {"batch_size": 64, "channels": 256, "times_leaky": [0.0017220799922943114, 0.0029419519901275636, 0.005829631805419922, 0.012148736000061035, 0.026587135314941408, 0.054755233764648435, 0.11739443206787109, 0.2509875183105469, 0.5414041748046875, 1.1680634765625], "times_state": [0.0008806399703025818, 0.0006908800005912781, 0.001521664023399353, 0.0014714879989624024, 0.001522271990776062, 0.0021288959980010984, 0.002350464105606079, 0.0024637439250946047, 0.0007772160172462464, 0.002990367889404297], "mems_leaky": [0.421875, 0.421875, 0.421875, 0.421875, 0.421875, 0.421875, 0.421875, 0.421875, 0.421875, 0.421875], "mems_state": [2.5, 6.125, 11.5, 25.0, 53.75, 117.0, 251.0, 539.25, 1160.25, 2502.0]}], "train": [{"batch_size": 16, "channels": 64, "times_leaky": [0.0335206413269043, 0.00551913595199585, 0.010570688247680664, 0.021544960021972655, 0.04557209777832031, 0.09560269165039062, 0.20593247985839844, 0.440099853515625, 1.031087158203125, 2.12223779296875], "times_state": [0.003636928081512451, 0.003314687967300415, 0.003340575933456421, 0.0057784318923950195, 0.004073599815368653, 0.003781696081161499, 0.0038430719375610353, 0.004265024185180664, 0.005202879905700683, 0.00656006383895874], "mems_leaky": [8.2509765625, 0.21728515625, 0.4248046875, 0.873046875, 1.82763671875, 3.89453125, 8.34375, 17.9228515625, 38.56689453125, 83.05078125], "mems_state": [0.27490234375, 0.58154296875, 1.27685546875, 2.7802734375, 6.380859375, 12.984375, 27.8359375, 59.962890625, 130.55126953125, 283.63134765625]}, {"batch_size": 32, "channels": 128, "times_leaky": [0.0034049599170684814, 0.005738815784454346, 0.011464863777160645, 0.022939647674560547, 0.04669529724121094, 0.13665248107910155, 0.21581436157226563, 0.46045379638671874, 0.9873192749023437, 2.19330859375], "times_state": [0.0034150400161743165, 0.003275775909423828, 0.004126719951629639, 0.0033259520530700684, 0.003483423948287964, 0.004006847858428955, 0.00470630407333374, 0.004989215850830078, 0.0050546879768371585, 0.05346713638305664], "mems_leaky": [0.4970703125, 0.84619140625, 1.6396484375, 3.353515625, 7.00341796875, 14.90625, 31.91796875, 68.5439453125, 147.47705078125, 317.5625], "mems_state": [1.08837890625, 2.30224609375, 5.06103515625, 12.6181640625, 23.7119140625, 51.19140625, 112.609375, 240.939453125, 513.28564453125, 1103.57666015625]}, {"batch_size": 64, "channels": 256, "times_leaky": [0.0030805120468139647, 0.005470208168029785, 0.010975232124328613, 0.022155391693115235, 0.04739702224731445, 0.17371257019042968, 0.21992959594726563, 0.4704675903320312, 1.1040860595703126, 2.248407958984375], "times_state": [0.003299999952316284, 0.0031795198917388915, 0.003118079900741577, 0.0032143359184265137, 0.003535871982574463, 0.004685023784637451, 0.0059023361206054685, 0.005859327793121338, 0.00713318395614624, 0.0075021438598632815], "mems_leaky": [1.9931640625, 3.37890625, 6.5283203125, 13.3310546875, 27.818359375, 59.1865234375, 126.7099609375, 272.0869140625, 585.390625, 1260.4990234375], "mems_state": [4.66845703125, 10.95947265625, 20.43408203125, 44.3212890625, 94.421875, 207.91015625, 439.3984375, 947.5166015625, 2039.47509765625, 4399.60791015625]}]}