{"infer": [{"batch_size": 16, "channels": 121, "times_leaky_single": [0.0014766080379486084, 0.0028354558944702147, 0.007498688220977783, 0.019560447692871095, 0.05318348693847656, 0.14709219360351564, 0.4135045166015625, 1.148958740234375, 3.256502197265625, 8.9685869140625], "times_leaky_multi": [0.001333888053894043, 0.002985088109970093, 0.0076605439186096195, 0.01948467254638672, 0.05289664077758789, 0.14751026916503907, 0.41120562744140626, 1.1433912353515625, 3.1767470703125, 8.7900458984375], "times_state_single": [0.0014286719560623168, 0.0018214080333709716, 0.001798143982887268, 0.0015398080348968505, 0.001909759998321533, 0.0021473278999328614, 0.002279423952102661, 0.002441920042037964, 0.0025927679538726807, 0.003240959882736206], "times_state_multi": [0.0014527679681777953, 0.001416192054748535, 0.001857408046722412, 0.0014521600008010865, 0.013054976463317871, 0.002098144054412842, 0.0022304320335388185, 0.0023750081062316893, 0.002518304109573364, 0.002921567916870117], "times_gen2_single": [0.007488831996917724, 0.0003985599875450134, 0.025179967880249024, 0.00043929600715637206, 0.0006352319717407227, 0.0007434239983558654, 0.0009635840058326721, 0.0009192960262298583, 0.0010864640474319458, 0.013794464111328125], "times_gen2_multi": [0.0005959680080413818, 0.00045977601408958433, 0.0005886080265045166, 0.00046012800931930544, 0.0006031360030174255, 0.0006246399879455566, 0.0009627519845962525, 0.0008573120236396789, 0.0009553920030593872, 0.013865632057189941], "mems_leaky_single": [0.046875, 0.046875, 0.046875, 0.046875, 0.046875, 0.046875, 0.046875, 0.046875, 0.046875, 0.046875], "mems_leaky_multi": [0.046875, 0.046875, 0.046875, 0.046875, 0.046875, 0.046875, 0.046875, 0.046875, 0.046875, 0.046875], "mems_state_single": [0.296875, 0.798828125, 2.275390625, 6.3515625, 17.6953125, 49.275390625, 137.1015625, 382.76171875, 1062.8232421875, 2955.05078125], "mems_state_multi": [0.296875, 0.798828125, 2.275390625, 6.3515625, 17.6953125, 49.275390625, 137.1015625, 382.76171875, 1062.8232421875, 2955.05078125], "mems_gen2_single": [0.6416015625, 1.7275390625, 4.9130859375, 14.2890625, 38.53955078125, 108.24560546875, 296.75439453125, 827.46142578125, 2295.82763671875, 6379.984375], "mems_gen2_multi": [0.6416015625, 1.7275390625, 4.9130859375, 14.2890625, 38.53955078125, 108.24560546875, 296.75439453125, 827.46142578125, 2295.82763671875, 6379.984375]}], "train": [{"batch_size": 16, "channels": 121, "times_leaky_single": [0.12268134307861328, 0.00619481611251831, 0.015561727523803711, 0.04039347076416016, 0.11092377471923828, 0.3092991943359375, 0.8572846069335938, 2.507916259765625, 7.03961376953125, 19.664439453125], "times_leaky_multi": [0.002900991916656494, 0.00609494400024414, 0.015325183868408204, 0.040345310211181644, 0.11076022338867188, 0.3886827392578125, 0.9660188598632813, 2.5169951171875, 7.1863984375, 20.097646484375], "times_state_single": [0.003939327955245972, 0.003559295892715454, 0.00404694414138794, 0.0037696959972381592, 0.004083744049072266, 0.001385472059249878, 0.0054876160621643065, 0.005773312091827393, 0.00491212797164917, 0.014284192085266113], "times_state_multi": [0.0031901760101318358, 0.0025671679973602295, 0.0036085760593414307, 0.0011147520542144776, 0.003470207929611206, 0.004705408096313477, 0.005429599761962891, 0.005096447944641113, 0.006645760059356689, 0.002997247934341431], "times_gen2_single": [0.004109536170959473, 0.001329792022705078, 0.08234496307373047, 0.0013580800294876098, 0.0011100159883499145, 0.0017168639898300171, 0.0019527679681777953, 0.0018832000494003296, 0.0019967999458312988, 0.0033433599472045897], "times_gen2_multi": [0.0012216320037841796, 0.0011438080072402955, 0.001468608021736145, 0.0011796480417251586, 0.001135807991027832, 0.0016588159799575805, 0.0019783680438995362, 0.0016537599563598634, 0.0018339840173721314, 0.009890815734863282], "mems_leaky_single": [8.44677734375, 0.595703125, 1.4013671875, 3.625, 9.8125, 27.03759765625, 74.9423828125, 208.263671875, 579.23974609375, 1611.48876953125], "mems_leaky_multi": [0.32177734375, 0.595703125, 1.4013671875, 3.625, 9.8125, 27.03759765625, 74.9423828125, 208.263671875, 579.23974609375, 1611.48876953125], "mems_state_single": [0.517578125, 1.40380859375, 4.01171875, 12.17041015625, 31.24365234375, 87.01416015625, 242.1162109375, 676.86328125, 1877.8154296875, 5217.93017578125], "mems_state_multi": [0.52197265625, 1.416015625, 4.046875, 12.26904296875, 31.51806640625, 87.77734375, 244.37939453125, 682.775390625, 1894.2666015625, 5263.70654296875], "mems_gen2_single": [0.791015625, 2.1279296875, 6.0517578125, 18.41845703125, 47.38818359375, 132.63671875, 365.30615234375, 1020.08154296875, 2828.4169921875, 7857.8974609375], "mems_gen2_multi": [0.791015625, 2.1279296875, 6.0517578125, 18.41845703125, 47.38818359375, 132.63671875, 365.30615234375, 1019.46240234375, 2827.82861328125, 7857.8974609375]}]}