{"infer": [{"batch_size": 64, "channels": 256, "times_leaky_single": [0.00994707202911377, 0.007021567821502686, 0.044295040130615235, 0.297697265625], "times_leaky_multi": [0.0014107520580291747, 0.007929887771606445, 0.04360396957397461, 0.29623171997070313], "times_state_single": [0.001374624013900757, 0.0012861440181732178, 0.001146239995956421, 0.0014503040313720702], "times_state_multi": [0.0012922879457473754, 0.0013109439611434937, 0.0010987520217895508, 0.0013631360530853272], "times_gen2_single": [0.003902656078338623, 0.0058122239112854005, 0.046086143493652344, 0.68453173828125], "times_gen2_multi": [0.015593152046203613, 0.003225600004196167, 0.04276428985595703, 0.6869452514648438], "mems_leaky_single": [0.421875, 0.421875, 0.421875, 0.421875], "mems_leaky_multi": [0.421875, 0.421875, 0.421875, 0.421875], "mems_state_single": [0.3125, 2.125, 14.5, 99.40625], "mems_state_multi": [0.3125, 2.125, 14.5, 99.40625], "mems_gen2_single": [80.9375, 452.4375, 474.25, 621.71875], "mems_gen2_multi": [80.9375, 452.4375, 474.25, 621.71875]}], "train": [{"batch_size": 64, "channels": 256, "times_leaky_single": [0.039741439819335936, 0.013784064292907714, 0.08956527709960938, 0.6180280151367188], "times_leaky_multi": [0.0029443519115447997, 0.014050304412841797, 0.08998400115966797, 0.6171126098632812], "times_state_single": [0.004976607799530029, 0.003985408067703247, 0.005816319942474365, 0.004570112228393554], "times_state_multi": [0.004596735954284668, 0.0049387521743774416, 0.00514137601852417, 0.004428800106048584], "times_gen2_single": [0.01273855972290039, 0.0230328311920166, 0.39070413208007815, 3.228381103515625], "times_gen2_multi": [0.008059935569763184, 0.02373017692565918, 0.39118209838867185, 3.22407421875], "mems_leaky_single": [10.1142578125, 9.267578125, 58.9609375, 397.5283203125], "mems_leaky_multi": [1.9931640625, 9.2998046875, 59.1865234375, 399.0712890625], "mems_state_single": [0.72021484375, 3.77880859375, 25.826171875, 176.64013671875], "mems_state_multi": [0.720703125, 3.8447265625, 26.27734375, 179.7158203125], "mems_gen2_single": [102.1923828125, 583.72265625, 2956.87890625, 19437.89453125], "mems_gen2_multi": [102.1923828125, 583.72265625, 2956.87890625, 19437.89453125]}]}