{"infer": [{"batch_size": 64, "channels": 256, "times_state_8": [0.005122208118438721, 0.003948544025421143, 0.005273600101470947, 0.004783135890960693, 0.004937727928161621, 0.005615615844726562, 0.005769120216369629, 0.005846015930175781, 0.005863423824310303, 0.006080512046813965], "times_state_16": [0.003096287965774536, 0.0030537919998168944, 0.0034007039070129393, 0.0030013439655303957, 0.0035819520950317383, 0.0795189437866211, 0.03383327865600586, 0.0046230401992797855, 0.004421631813049317, 0.004632575988769531], "times_state_32": [0.0023552000522613524, 0.002708224058151245, 0.0005767679810523987, 0.001751039981842041, 0.002751391887664795, 0.003157088041305542, 0.0034519040584564207, 0.0034846720695495604, 0.003940448045730591, 0.010053631782531738], "mems_state_8": [0.3125, 0.75, 1.84375, 5.3984375, 11.9375, 27.734375, 67.65625, 166.40625, 403.796875, 990.09375], "mems_state_16": [0.625, 1.5, 3.6875, 9.125, 22.4375, 56.0, 136.0, 329.625, 807.796875, 1976.375], "mems_state_32": [1.25, 3.0, 7.375, 18.25, 45.65625, 110.9375, 271.3125, 659.25, 1615.59375, 3952.75]}], "train": [{"batch_size": 64, "channels": 256, "times_state_8": [0.03932262420654297, 0.01569801616668701, 0.022600799560546874, 0.02201603126525879, 0.009584639549255371, 0.023480319976806642, 0.023550975799560548, 0.023452415466308593, 0.024145919799804686, 0.018572288513183592], "times_state_16": [0.01240460777282715, 0.011777024269104003, 0.012187680244445801, 0.0110632963180542, 0.007980031967163086, 0.012913663864135743, 0.013082624435424805, 0.013108160018920898, 0.015884672164916992, 0.005637119770050049], "times_state_32": [0.006536191940307618, 0.007071743965148926, 0.006341824054718018, 0.00765235185623169, 0.007123744010925293, 0.007800127983093262, 0.008328031539916993, 0.008455167770385743, 0.00810905647277832, 0.0037376000881195067], "mems_state_8": [8.845703125, 1.376953125, 3.33447265625, 9.21630859375, 21.2744140625, 50.5908203125, 123.7431640625, 302.73974609375, 731.8154296875, 1795.13623046875], "mems_state_16": [1.189453125, 2.65673828125, 6.55322265625, 16.23974609375, 39.9541015625, 99.7236328125, 243.6025390625, 587.16943359375, 1439.3232421875, 3520.64404296875], "mems_state_32": [2.17626953125, 5.26611328125, 12.99072265625, 32.19287109375, 83.1103515625, 196.6298828125, 480.1962890625, 1164.40380859375, 2853.3232421875, 6979.28466796875]}]}