{"infer": [{"batch_size": 64, "channels": 256, "times_state_8": [0.005143167972564697, 0.0019729599952697753, 0.005253119945526123, 0.0048568320274353025, 0.004845695972442627, 0.005398528099060058, 0.005752416133880616, 0.005859231948852539, 0.07215411376953125, 0.005874688148498535], "times_state_16": [0.003112063884735107, 0.00308624005317688, 0.0035819520950317383, 0.003017728090286255, 0.0035767359733581542, 0.003985728025436401, 0.003917824029922485, 0.004375616073608399, 0.00393830394744873, 0.004543488025665283], "times_state_32": [0.002390144109725952, 0.0026757121086120605, 0.002119679927825928, 0.002128799915313721, 0.002686975955963135, 0.003073632001876831, 0.0033351678848266603, 0.003521183967590332, 0.003703808069229126, 0.004604928016662598], "mems_state_8": [0.3125, 0.75, 1.84375, 5.3984375, 11.9375, 27.734375, 67.65625, 166.40625, 403.796875, 990.09375], "mems_state_16": [0.625, 1.5, 3.6875, 9.125, 22.4375, 56.0, 136.0, 329.625, 807.796875, 1976.375], "mems_state_32": [1.25, 3.0, 7.375, 18.25, 45.65625, 110.9375, 271.3125, 659.25, 1615.59375, 3952.75]}], "train": [{"batch_size": 64, "channels": 256, "times_state_8": [0.033296192169189456, 0.020741119384765624, 0.02756608009338379, 0.021351423263549805, 0.02249113655090332, 0.02358899116516113, 0.009886431694030761, 0.02313113594055176, 0.016287744522094725, 0.023780351638793946], "times_state_16": [0.07467955017089843, 0.0078048639297485355, 0.012270336151123046, 0.011776000022888184, 0.01243667221069336, 0.012634207725524902, 0.012982272148132324, 0.01375334358215332, 0.013450240135192871, 0.004319424152374267], "times_state_32": [0.006504447937011719, 0.00601804780960083, 0.006360000133514405, 0.009171039581298827, 0.008563712120056152, 0.007842720031738281, 0.008133855819702149, 0.00836950397491455, 0.008549375534057617, 0.002899967908859253], "mems_state_8": [8.845703125, 1.376953125, 3.33447265625, 9.21630859375, 21.2744140625, 50.5908203125, 123.7431640625, 302.73974609375, 731.8154296875, 1795.13623046875], "mems_state_16": [1.189453125, 2.65673828125, 6.55322265625, 16.23974609375, 39.9541015625, 99.7236328125, 243.6025390625, 587.16943359375, 1439.3232421875, 3520.64404296875], "mems_state_32": [2.17626953125, 5.26611328125, 12.99072265625, 32.19287109375, 83.1103515625, 196.6298828125, 480.1962890625, 1164.40380859375, 2853.3232421875, 6979.28466796875]}]}