{"infer": [{"batch_size": 64, "channels": 256, "times_state_8": [0.005123231887817383, 0.004926432132720948, 0.005294079780578613, 0.005557248115539551, 0.004814879894256592, 0.00485584020614624, 0.005527679920196533, 0.005819200038909912, 0.002195456027984619, 0.005994912147521973], "times_state_16": [0.0031047680377960206, 0.0030658559799194335, 0.0035695040225982664, 0.003427328109741211, 0.0007120640277862548, 0.003565727949142456, 0.003989376068115234, 0.0009482240080833435, 0.0045138559341430665, 0.00429363203048706], "times_state_32": [0.026067968368530273, 0.04086374282836914, 0.0006000959873199463, 0.0024715840816497804, 0.0025374720096588135, 0.0029235200881958007, 0.003068671941757202, 0.0034263041019439696, 0.0035451838970184326, 0.003707871913909912], "mems_state_8": [0.3125, 0.65625, 1.4375, 3.125, 6.71875, 14.5, 31.625, 67.65625, 145.03125, 312.5], "mems_state_16": [0.625, 1.3125, 2.875, 6.875, 13.4375, 29.0, 64.0, 136.0, 290.0625, 625.0], "mems_state_32": [1.25, 2.625, 5.75, 12.5, 27.4375, 59.0, 126.5, 271.3125, 583.03125, 1250.0]}], "train": [{"batch_size": 64, "channels": 256, "times_state_8": [0.03963904190063477, 0.02245132827758789, 0.022738943099975584, 0.012825599670410156, 0.022361087799072265, 0.02333695983886719, 0.023189599990844727, 0.023785472869873047, 0.024133663177490234, 0.023992576599121095], "times_state_16": [0.009952256202697754, 0.012147711753845216, 0.012031871795654297, 0.0114136323928833, 0.011749664306640624, 0.012675840377807618, 0.012738880157470702, 0.012713024139404297, 0.0626616325378418, 0.01347481632232666], "times_state_32": [0.006735072135925293, 0.006916096210479736, 0.0065669121742248536, 0.00666102409362793, 0.009422847747802734, 0.007875296115875244, 0.0079300799369812, 0.008281087875366211, 0.007949312210083008, 0.00874396800994873], "mems_state_8": [8.845703125, 1.236328125, 2.59814453125, 5.6572265625, 12.1796875, 26.27734375, 57.0234375, 122.3642578125, 262.89697265625, 566.47509765625], "mems_state_16": [1.189453125, 2.32275390625, 5.10595703125, 11.1181640625, 24.734375, 51.64453125, 113.9609375, 242.2236328125, 517.67822265625, 1113.34228515625], "mems_state_32": [2.17626953125, 4.60400390625, 10.12158203125, 22.0400390625, 48.015625, 102.37890625, 224.4296875, 478.8173828125, 1029.13134765625, 2207.07666015625]}]}