{"infer": [{"batch_size": 64, "channels": 256, "times_leaky_single": [0.009967743873596191, 0.0024296319484710693, 0.004732255935668945, 0.00952012825012207, 0.019961856842041017, 0.04166835021972656, 0.09002505493164062, 0.19494210815429688, 0.42144964599609375, 0.895730712890625], "times_leaky_multi": [0.001370784044265747, 0.0024394879341125488, 0.0046254081726074215, 0.009498527526855469, 0.020059295654296875, 0.041355262756347655, 0.09158451080322266, 0.19411383056640624, 0.4191016845703125, 0.9061050415039062], "times_state_single": [0.04975299072265625, 0.0005761600136756897, 0.001512287974357605, 0.0018585599660873413, 0.002303999900817871, 0.00229203200340271, 0.0023797760009765627, 0.0024832000732421876, 0.002836479902267456, 0.00321126389503479], "times_state_multi": [0.0018339840173721314, 0.0014407680034637452, 0.0017991679906845092, 0.0018462719917297363, 0.0020480320453643798, 0.0023285119533538816, 0.0023306241035461425, 0.002472032070159912, 0.0025660479068756103, 0.00299452805519104], "times_gen2_single": [0.0005836799740791321, 0.0004792320132255554, 0.0004774399995803833, 0.0005191680192947387, 0.0008130559921264649, 0.0008577920198440551, 0.0013502399921417236, 0.0027494399547576902, 0.005676320075988769, 0.012000608444213866], "times_gen2_multi": [0.0005715839862823486, 0.0004413439929485321, 0.0003819519877433777, 0.0005470079779624939, 0.03355849456787109, 0.0007854080200195312, 0.0013559999465942382, 0.002693120002746582, 0.0056442880630493165, 0.012052160263061523], "mems_leaky_single": [0.421875, 0.421875, 0.421875, 0.421875, 0.421875, 0.421875, 0.421875, 0.421875, 0.421875, 0.421875], "mems_leaky_multi": [0.421875, 0.421875, 0.421875, 0.421875, 0.421875, 0.421875, 0.421875, 0.421875, 0.421875, 0.421875], "mems_state_single": [2.5, 5.25, 11.5, 25.0, 54.875, 118.0, 251.0, 539.25, 1160.25, 2502.0], "mems_state_multi": [2.5, 5.25, 11.5, 25.0, 54.875, 118.0, 251.0, 539.25, 1160.25, 2502.0], "mems_gen2_single": [5.2734375, 11.07421875, 25.8828125, 52.984375, 116.75390625, 252.3125, 529.09375, 1136.9453125, 2447.40234375, 5280.4375], "mems_gen2_multi": [5.2734375, 11.07421875, 25.8828125, 52.984375, 116.75390625, 252.3125, 529.09375, 1136.9453125, 2447.40234375, 5280.4375]}], "train": [{"batch_size": 64, "channels": 256, "times_leaky_single": [0.0427694091796875, 0.004890783786773682, 0.03687833786010742, 0.019103776931762694, 0.04055100631713867, 0.0892333755493164, 0.18638540649414062, 0.48693624877929687, 0.8783618774414063, 1.9958465576171875], "times_leaky_multi": [0.0031632959842681887, 0.004798624038696289, 0.00966368007659912, 0.019533920288085937, 0.040578048706054685, 0.08702019500732422, 0.18760089111328124, 0.4119686279296875, 0.97359130859375, 1.9970989990234376], "times_state_single": [0.02819468879699707, 0.0035396480560302736, 0.0037897279262542726, 0.00638259220123291, 0.0051178879737854, 0.005331967830657959, 0.00537497615814209, 0.0052899842262268066, 0.006015007972717285, 0.006566207885742187], "times_state_multi": [0.0038006720542907717, 0.003284991979598999, 0.0035871360301971437, 0.0038754560947418214, 0.004604928016662598, 0.004700096130371094, 0.023974720001220702, 0.005339231967926026, 0.005808159828186035, 0.006461440086364746], "times_gen2_single": [0.0042434558868408205, 0.0012321280241012573, 0.0013312959671020507, 0.0014479680061340332, 0.0016967680454254151, 0.0016130239963531494, 0.0022395200729370115, 0.003610624074935913, 0.00673689603805542, 0.013066240310668945], "times_gen2_multi": [0.0012995200157165528, 0.0012397439479827882, 0.0011974079608917236, 0.005317696094512939, 0.029686656951904297, 0.0016240639686584473, 0.002272671937942505, 0.003458048105239868, 0.0066080322265625, 0.013102080345153809], "mems_leaky_single": [10.1142578125, 3.36962890625, 6.5068359375, 13.283203125, 27.71435546875, 58.9609375, 126.22265625, 271.0361328125, 583.12548828125, 1255.6171875], "mems_leaky_multi": [1.9931640625, 3.37890625, 6.5283203125, 13.3310546875, 27.818359375, 59.1865234375, 126.7099609375, 272.0869140625, 585.390625, 1260.4990234375], "mems_state_single": [4.3232421875, 9.146484375, 20.1083984375, 43.78662109375, 97.025390625, 208.458984375, 438.42578125, 946.21240234375, 2034.9609375, 4389.880859375], "mems_state_multi": [4.33251953125, 9.16650390625, 20.21533203125, 43.8837890625, 97.234375, 208.91015625, 439.3984375, 947.3486328125, 2039.47509765625, 4399.60791015625], "mems_gen2_single": [6.5244140625, 14.1376953125, 31.6337890625, 65.4853515625, 145.3173828125, 313.3134765625, 654.0947265625, 1406.1962890625, 3027.5283203125, 6532.4384765625], "mems_gen2_multi": [6.5244140625, 14.1376953125, 31.6337890625, 65.4853515625, 144.7548828125, 313.3134765625, 654.0947265625, 1406.1962890625, 3027.5283203125, 6532.4384765625]}]}