{"infer": [{"batch_size": 64, "channels": 256, "times_state_8": [0.005193024158477783, 0.00497049617767334, 0.005393727779388428, 0.004972256183624267, 0.004854976177215576, 0.005718111991882324, 0.025978559494018554, 0.005899040222167968, 0.006059391975402832, 0.006129055976867676], "times_state_16": [0.003224479913711548, 0.0030927679538726807, 0.003586080074310303, 0.0015390720367431641, 0.003140608072280884, 0.004038656234741211, 0.003996671915054322, 0.00450764799118042, 0.0018158080577850343, 0.004609344005584717], "times_state_32": [0.002421760082244873, 0.0027915520668029786, 0.0005886399745941162, 0.002135040044784546, 0.0027035200595855713, 0.003240864038467407, 0.003463167905807495, 0.0035481600761413574, 0.0038091518878936768, 0.0046154561042785645], "mems_state_8": [0.3125, 0.75, 1.84375, 5.3984375, 11.9375, 27.734375, 67.65625, 166.40625, 403.796875, 990.09375], "mems_state_16": [0.625, 1.5, 3.6875, 9.125, 22.4375, 56.0, 136.0, 329.625, 807.796875, 1976.375], "mems_state_32": [1.25, 3.0, 7.375, 18.25, 45.65625, 110.9375, 271.3125, 659.25, 1615.59375, 3952.75]}], "train": [{"batch_size": 64, "channels": 256, "times_state_8": [0.0725032958984375, 0.008870207786560058, 0.009324543952941895, 0.009433888435363769, 0.008774656295776367, 0.01549020767211914, 0.00931619167327881, 0.008999936103820801, 0.023754751205444336, 0.009245920181274413], "times_state_16": [0.007273056030273437, 0.007244800090789795, 0.004621503829956054, 0.007682047843933106, 0.007492479801177979, 0.008091039657592773, 0.0071823358535766605, 0.008295680046081543, 0.013528063774108886, 0.0029707520008087156], "times_state_32": [0.005799935817718506, 0.005775392055511475, 0.005667840003967285, 0.0074291200637817386, 0.007049215793609619, 0.006993504047393799, 0.007375872135162354, 0.008310912132263183, 0.006938623905181885, 0.0033712000846862792], "mems_state_8": [8.845703125, 1.376953125, 3.33447265625, 9.21630859375, 21.2744140625, 50.5908203125, 123.7431640625, 302.73974609375, 731.8154296875, 1795.13623046875], "mems_state_16": [1.189453125, 2.65673828125, 6.55322265625, 16.23974609375, 39.9541015625, 99.7236328125, 243.6025390625, 587.16943359375, 1439.3232421875, 3520.64404296875], "mems_state_32": [2.17626953125, 5.26611328125, 12.99072265625, 32.19287109375, 83.1103515625, 196.6298828125, 480.1962890625, 1164.40380859375, 2853.3232421875, 6979.28466796875]}]}