{"infer": [{"batch_size": 64, "channels": 256, "times_state_8": [0.001118239998817444, 0.003939264059066773, 0.005383232116699219, 0.005675327777862549, 0.00264467191696167, 0.00111628794670105, 0.00542310380935669, 0.0013211519718170166, 0.005928287982940674, 0.006024191856384278], "times_state_16": [0.003340447902679443, 0.0030699520111083984, 0.0036290559768676757, 0.0034733760356903077, 0.002997247934341431, 0.003659424066543579, 0.004073472023010254, 0.004048895835876465, 0.004461567878723144, 0.0019875839948654173], "times_state_32": [0.0024637439250946047, 0.002712512016296387, 0.0021176319122314454, 0.0025579519271850585, 0.0025275840759277344, 0.002942975997924805, 0.0031539199352264404, 0.0034454081058502197, 0.003517535924911499, 0.0037546238899230956], "mems_state_8": [0.3125, 0.65625, 1.4375, 3.125, 6.71875, 14.5, 31.625, 67.65625, 145.03125, 312.5], "mems_state_16": [0.625, 1.3125, 2.875, 6.875, 13.4375, 29.0, 64.0, 136.0, 290.0625, 625.0], "mems_state_32": [1.25, 2.625, 5.75, 12.5, 27.4375, 59.0, 126.5, 271.3125, 583.03125, 1250.0]}], "train": [{"batch_size": 64, "channels": 256, "times_state_8": [0.040551422119140625, 0.02227132797241211, 0.022830080032348633, 0.023044095993041993, 0.02266111946105957, 0.022569984436035157, 0.023858335494995116, 0.02477670478820801, 0.024222719192504884, 0.013342720031738281], "times_state_16": [0.01222060775756836, 0.011945887565612793, 0.012454912185668946, 0.011805439949035644, 0.01193881607055664, 0.012936415672302247, 0.011169792175292969, 0.01284505558013916, 0.013516799926757812, 0.01376460838317871], "times_state_32": [0.006643871784210205, 0.006967296123504638, 0.006438528060913086, 0.006708479881286621, 0.00918723201751709, 0.008022720336914063, 0.008138688087463378, 0.008760319709777833, 0.007975647926330567, 0.008555904388427734], "mems_state_8": [8.845703125, 1.236328125, 2.59814453125, 5.6572265625, 12.1796875, 26.27734375, 57.0234375, 122.3642578125, 262.89697265625, 566.47509765625], "mems_state_16": [1.189453125, 2.32275390625, 5.10595703125, 11.1181640625, 24.734375, 51.64453125, 113.9609375, 242.2236328125, 517.67822265625, 1113.34228515625], "mems_state_32": [2.17626953125, 4.60400390625, 10.12158203125, 22.0400390625, 48.015625, 102.37890625, 224.4296875, 478.8173828125, 1029.13134765625, 2207.07666015625]}]}