{"infer": [{"batch_size": 64, "channels": 256, "times_leaky_single": [0.009660287857055664, 0.0024617600440979006, 0.004736000061035156, 0.00960700798034668, 0.020120384216308594, 0.043010112762451175, 0.09173197174072266, 0.19554917907714844, 0.4222127685546875, 0.9016104736328125], "times_leaky_multi": [0.0013923840522766114, 0.0024138879776000976, 0.004744319915771484, 0.009546976089477539, 0.019917823791503905, 0.043221088409423826, 0.09056563568115235, 0.19602841186523437, 0.4212459411621094, 0.9164110107421874], "times_state_single": [0.0018892799615859985, 0.0004556800127029419, 0.0014766080379486084, 0.001827839970588684, 0.0023746559619903566, 0.002380800008773804, 0.0023048319816589354, 0.0025456640720367433, 0.0026839039325714112, 0.003026592016220093], "times_state_multi": [0.0005038080215454101, 0.0014605120420455933, 0.0017725440263748169, 0.0018922239542007446, 0.002123680114746094, 0.002201920032501221, 0.002450592041015625, 0.0024279038906097413, 0.0024576001167297364, 0.0028385279178619383], "times_gen2_single": [0.0007700799703598023, 0.0004956159889698029, 0.0004893440008163452, 0.0006125440001487732, 0.0008199679851531983, 0.0008457919955253601, 0.0013520319461822509, 0.0027240641117095947, 0.005659840106964111, 0.012064031600952149], "times_gen2_multi": [0.0006092799901962281, 0.0003823679983615875, 0.00045961600542068483, 0.0005736960172653199, 0.0007219200134277344, 0.0008629760146141052, 0.0012936320304870606, 0.002721695899963379, 0.005703680038452149, 0.012014592170715332], "mems_leaky_single": [0.421875, 0.421875, 0.421875, 0.421875, 0.421875, 0.421875, 0.421875, 0.421875, 0.421875, 0.421875], "mems_leaky_multi": [0.421875, 0.421875, 0.421875, 0.421875, 0.421875, 0.421875, 0.421875, 0.421875, 0.421875, 0.421875], "mems_state_single": [2.5, 5.25, 11.5, 25.0, 54.875, 118.0, 251.0, 539.25, 1160.25, 2502.0], "mems_state_multi": [2.5, 5.25, 11.5, 25.0, 54.875, 118.0, 251.0, 539.25, 1160.25, 2502.0], "mems_gen2_single": [5.2734375, 11.07421875, 25.8828125, 52.984375, 116.75390625, 252.3125, 529.09375, 1136.9453125, 2447.40234375, 5280.4375], "mems_gen2_multi": [5.2734375, 11.07421875, 25.8828125, 52.984375, 116.75390625, 252.3125, 529.09375, 1136.9453125, 2447.40234375, 5280.4375]}], "train": [{"batch_size": 64, "channels": 256, "times_leaky_single": [0.03987968063354492, 0.005063039779663086, 0.009776127815246583, 0.0198287353515625, 0.041880577087402344, 0.08722396850585938, 0.18843136596679688, 0.4097402954101563, 0.8976466064453125, 1.99029248046875], "times_leaky_multi": [0.0032081921100616455, 0.005054175853729248, 0.009662464141845703, 0.019753984451293945, 0.041093120574951174, 0.1164185562133789, 0.18836134338378907, 0.41102310180664064, 0.9755494384765625, 2.006855712890625], "times_state_single": [0.0020876479148864745, 0.003417952060699463, 0.0038706879615783693, 0.006498303890228272, 0.004994175910949707, 0.005482495784759522, 0.005864448070526123, 0.005985280036926269, 0.0015694400072097778, 0.006462463855743408], "times_state_multi": [0.003859776020050049, 0.0032071681022644042, 0.0036700160503387452, 0.0038955199718475344, 0.004468512058258056, 0.005265408039093018, 0.005512191772460938, 0.0055667200088500976, 0.005480447769165039, 0.06868377685546875], "times_gen2_single": [0.004165631771087646, 0.001334496021270752, 0.0013263360261917114, 0.0013427519798278808, 0.0018485759496688842, 0.0017592320442199707, 0.002379584074020386, 0.0039024639129638674, 0.006627327919006347, 0.10409369659423828], "times_gen2_multi": [0.0013298879861831665, 0.0012216320037841796, 0.0013158400058746339, 0.0014048000574111937, 0.0016538560390472411, 0.0017466880083084107, 0.0022640640735626222, 0.003853312015533447, 0.006504415988922119, 0.013045632362365722], "mems_leaky_single": [10.1142578125, 3.36962890625, 6.5068359375, 13.283203125, 27.71435546875, 58.9609375, 126.22265625, 271.0361328125, 583.12548828125, 1255.6171875], "mems_leaky_multi": [1.9931640625, 3.37890625, 6.5283203125, 13.3310546875, 27.818359375, 59.1865234375, 126.7099609375, 272.0869140625, 585.390625, 1260.4990234375], "mems_state_single": [4.3232421875, 9.146484375, 20.1083984375, 43.78662109375, 97.025390625, 208.458984375, 438.42578125, 946.21240234375, 2034.9609375, 4389.880859375], "mems_state_multi": [4.33251953125, 9.16650390625, 20.21533203125, 43.8837890625, 97.234375, 208.91015625, 439.3984375, 947.3486328125, 2039.47509765625, 4399.60791015625], "mems_gen2_single": [6.5244140625, 14.1376953125, 31.6337890625, 65.4853515625, 145.3173828125, 313.3134765625, 654.0947265625, 1406.1962890625, 3027.5283203125, 6532.4384765625], "mems_gen2_multi": [6.5244140625, 14.1376953125, 31.6337890625, 65.4853515625, 144.7548828125, 313.3134765625, 654.0947265625, 1406.1962890625, 3027.5283203125, 6532.4384765625]}]}