{"infer": [{"batch_size": 64, "channels": 256, "times_leaky_single": [0.011818943977355957, 0.002405375957489014, 0.004833280086517334, 0.009664575576782226, 0.020945920944213867, 0.0429752311706543, 0.09208115386962891, 0.19717613220214844, 0.4329441223144531, 0.9074326782226563], "times_leaky_multi": [0.001381376028060913, 0.0024210560321807862, 0.004757503986358643, 0.009593855857849122, 0.020024320602416993, 0.042777599334716795, 0.09121791839599609, 0.1964779510498047, 0.425471923828125, 0.9165841064453125], "times_state_single": [0.0007362560033798217, 0.001431455969810486, 0.0014990400075912476, 0.0006185600161552429, 0.0009649919867515564, 0.0023236799240112303, 0.0007905279994010926, 0.0023605120182037353, 0.002691999912261963, 0.0030013439655303957], "times_state_multi": [0.0018049919605255128, 0.0004700160026550293, 0.0017489919662475586, 0.0018812799453735351, 0.002088160037994385, 0.002246272087097168, 0.0022958719730377195, 0.0024453120231628417, 0.002619391918182373, 0.003275775909423828], "times_gen2_single": [0.0006888319849967957, 0.00042291200160980225, 0.00048403200507164, 0.0006379520297050476, 0.0007851840257644653, 0.0008601599931716919, 0.0013547519445419312, 0.0027297279834747313, 0.005748479843139648, 0.011983872413635254], "times_gen2_multi": [0.000596992015838623, 0.0004853760004043579, 0.0004460799992084503, 0.0005052160024642945, 0.0007792639732360839, 0.0007802879810333252, 0.0013509440422058107, 0.002664448022842407, 0.005709887981414795, 0.01204428768157959], "mems_leaky_single": [0.421875, 0.421875, 0.421875, 0.421875, 0.421875, 0.421875, 0.421875, 0.421875, 0.421875, 0.421875], "mems_leaky_multi": [0.421875, 0.421875, 0.421875, 0.421875, 0.421875, 0.421875, 0.421875, 0.421875, 0.421875, 0.421875], "mems_state_single": [2.5, 5.25, 11.5, 25.0, 54.875, 118.0, 251.0, 539.25, 1160.25, 2502.0], "mems_state_multi": [2.5, 5.25, 11.5, 25.0, 54.875, 118.0, 251.0, 539.25, 1160.25, 2502.0], "mems_gen2_single": [5.2734375, 11.07421875, 25.8828125, 52.984375, 116.75390625, 252.3125, 529.09375, 1136.9453125, 2447.40234375, 5280.4375], "mems_gen2_multi": [5.2734375, 11.07421875, 25.8828125, 52.984375, 116.75390625, 252.3125, 529.09375, 1136.9453125, 2447.40234375, 5280.4375]}], "train": [{"batch_size": 64, "channels": 256, "times_leaky_single": [0.0403322868347168, 0.005037055969238281, 0.00966659164428711, 0.02046656036376953, 0.08733980560302734, 0.08764415740966797, 0.18711439514160155, 0.4794561767578125, 0.8822467041015625, 1.994861572265625], "times_leaky_multi": [0.0030289919376373293, 0.005232639789581299, 0.009681568145751954, 0.019564544677734375, 0.04071833419799804, 0.10817238616943359, 0.18910841369628906, 0.40778341674804686, 0.9683648071289063, 2.01421826171875], "times_state_single": [0.012069888114929199, 0.0034528961181640623, 0.00411411190032959, 0.006145023822784424, 0.004907648086547852, 0.004865024089813232, 0.00538105583190918, 0.005285888195037842, 0.005961728096008301, 0.006157311916351318], "times_state_multi": [0.0038984639644622805, 0.003333120107650757, 0.0012004159688949584, 0.001100767970085144, 0.004417535781860352, 0.004834688186645507, 0.0047933440208435055, 0.005121056079864502, 0.0019230719804763795, 0.06380851364135742], "times_gen2_single": [0.004322303771972656, 0.001392575979232788, 0.0012607680559158325, 0.0012933119535446166, 0.0017418240308761596, 0.0016953279972076415, 0.002156543970108032, 0.0036329920291900634, 0.006719456195831299, 0.09511321258544922], "times_gen2_multi": [0.0013608319759368897, 0.0011970560550689697, 0.0011478719711303712, 0.0012440320253372193, 0.0016414719820022584, 0.0016015360355377197, 0.002137471914291382, 0.00355295991897583, 0.0067338237762451176, 0.013103327751159667], "mems_leaky_single": [10.1142578125, 3.36962890625, 6.5068359375, 13.283203125, 27.71435546875, 58.9609375, 126.22265625, 271.0361328125, 583.12548828125, 1255.6171875], "mems_leaky_multi": [1.9931640625, 3.37890625, 6.5283203125, 13.3310546875, 27.818359375, 59.1865234375, 126.7099609375, 272.0869140625, 585.390625, 1260.4990234375], "mems_state_single": [4.3232421875, 9.146484375, 20.1083984375, 43.78662109375, 97.025390625, 208.458984375, 438.42578125, 946.21240234375, 2034.9609375, 4389.880859375], "mems_state_multi": [4.33251953125, 9.16650390625, 20.21533203125, 43.8837890625, 97.234375, 208.91015625, 439.3984375, 947.3486328125, 2039.47509765625, 4399.60791015625], "mems_gen2_single": [6.5244140625, 14.1376953125, 31.6337890625, 65.4853515625, 145.3173828125, 313.3134765625, 654.0947265625, 1406.1962890625, 3027.5283203125, 6532.4384765625], "mems_gen2_multi": [6.5244140625, 14.1376953125, 31.6337890625, 65.4853515625, 144.7548828125, 313.3134765625, 654.0947265625, 1406.1962890625, 3027.5283203125, 6532.4384765625]}]}