{"infer": [{"batch_size": 64, "channels": 256, "times_state_full": [0.0025620479583740234, 0.0026431679725646973, 0.0020551679134368896, 0.0024985599517822264, 0.0028149759769439697, 0.00311296010017395, 0.003348479986190796, 0.0033010239601135253, 0.0034457600116729738, 0.004075520038604737], "mems_state_full": [1.25, 3.0, 7.375, 19.1875, 46.4375, 110.9375, 271.3125, 659.25, 1616.0, 3952.75], "times_state_k512": [0.000553983986377716, 0.07848067474365235, 0.0024876160621643065, 0.0025458879470825193, 0.002846719980239868, 0.003255295991897583, 0.0032871360778808593, 0.003452928066253662, 0.004898816108703613, 0.0012933119535446166], "mems_state_k512": [1.25, 3.0, 7.375, 19.1875, 46.4375, 111.46875, 271.3125, 659.25, 1615.59375, 3952.75], "times_state_k4096": [0.002496511936187744, 0.002669183969497681, 0.0019763840436935426, 0.00251200008392334, 0.003040096044540405, 0.003134848117828369, 0.0033976318836212156, 0.0037376000881195067, 0.003769344091415405, 0.07510630035400391], "mems_state_k4096": [1.25, 3.0, 7.375, 18.96875, 46.4375, 110.9375, 271.3125, 659.25, 1615.59375, 3952.75]}], "train": [{"batch_size": 64, "channels": 256, "times_state_full": [0.03418035125732422, 0.007243872165679932, 0.006344704151153564, 0.008674304008483886, 0.024738496780395507, 0.0017288639545440675, 0.0018124799728393554, 0.008734720230102539, 0.008112128257751466, 0.008259584426879883], "mems_state_full": [10.251953125, 5.26611328125, 12.99072265625, 33.13037109375, 83.1103515625, 196.6298828125, 479.1728515625, 1164.97802734375, 2853.3232421875, 6979.28466796875], "times_state_k512": [0.006684480190277099, 0.0019497599601745606, 0.0066713600158691405, 0.006593535900115967, 0.0063610877990722655, 0.00649948787689209, 0.007880703926086426, 0.008026399612426759, 0.008488287925720215, 0.0032985920906066896], "mems_state_k512": [2.17626953125, 5.26611328125, 12.99072265625, 32.91162109375, 83.1103515625, 185.00390625, 425.00390625, 1005.84765625, 2441.00390625, 5946.09765625], "times_state_k4096": [0.0062641921043395995, 0.007315455913543701, 0.006091775894165039, 0.006503424167633057, 0.006436831951141357, 0.006887423992156983, 0.00764415979385376, 0.007946400165557862, 0.00809443187713623, 0.07674156951904297], "mems_state_k4096": [2.17626953125, 5.26611328125, 12.99072265625, 32.91162109375, 83.1103515625, 196.6298828125, 479.1728515625, 1124.875, 2560.03125, 6065.125]}]}