{"infer": [{"batch_size": 64, "channels": 256, "times_state_8": [0.005144576072692871, 0.004967296123504638, 0.0024883201122283937, 0.005566463947296142, 0.004761343955993653, 0.004831552028656006, 0.005514592170715332, 0.005669087886810303, 0.005971968173980713, 0.006105088233947754], "times_state_16": [0.0030801920890808107, 0.0031293439865112305, 0.003583967924118042, 0.003520512104034424, 0.0007188479900360107, 0.0036877119541168213, 0.0014438079595565797, 0.0009332159757614136, 0.004602496147155762, 0.004139008045196534], "times_state_32": [0.03921920013427734, 0.06913126373291016, 0.0006217600107192993, 0.002527359962463379, 0.002597887992858887, 0.0029348158836364747, 0.0031160318851470945, 0.0033173439502716066, 0.003447808027267456, 0.0036628479957580566], "mems_state_8": [0.3125, 0.65625, 1.4375, 3.125, 6.71875, 14.5, 31.625, 67.65625, 145.03125, 312.5], "mems_state_16": [0.625, 1.3125, 2.875, 6.875, 13.4375, 29.0, 64.0, 136.0, 290.0625, 625.0], "mems_state_32": [1.25, 2.625, 5.75, 12.5, 27.4375, 59.0, 126.5, 271.3125, 583.03125, 1250.0]}], "train": [{"batch_size": 64, "channels": 256, "times_state_8": [0.032828128814697266, 0.02210508728027344, 0.022571359634399414, 0.007613440036773681, 0.022167903900146484, 0.02271232032775879, 0.02370457649230957, 0.006148863792419434, 0.023964448928833006, 0.016134239196777343], "times_state_16": [0.007113632202148438, 0.01165830421447754, 0.012402624130249023, 0.011616352081298829, 0.011762432098388672, 0.01316147232055664, 0.013119487762451172, 0.013507264137268066, 0.0030996479988098144, 0.013690879821777344], "times_state_32": [0.006336863994598389, 0.00692742395401001, 0.00651148796081543, 0.006815743923187256, 0.009217215538024901, 0.007788320064544677, 0.008229984283447265, 0.008453120231628418, 0.007800000190734863, 0.00894976043701172], "mems_state_8": [8.845703125, 1.236328125, 2.59814453125, 5.6572265625, 12.1796875, 26.27734375, 57.0234375, 122.3642578125, 262.89697265625, 566.47509765625], "mems_state_16": [1.189453125, 2.32275390625, 5.10595703125, 11.1181640625, 24.734375, 51.64453125, 113.9609375, 242.2236328125, 517.67822265625, 1113.34228515625], "mems_state_32": [2.17626953125, 4.60400390625, 10.12158203125, 22.0400390625, 48.015625, 102.37890625, 224.4296875, 478.8173828125, 1029.13134765625, 2207.07666015625]}]}