{"infer": [{"batch_size": 64, "channels": 256, "times_state_8": [0.005173151969909668, 0.005021984100341797, 0.005522528171539307, 0.004884479999542236, 0.004919136047363281, 0.08517222595214843, 0.005910624027252198, 0.005914624214172363, 0.006151872158050537, 0.006109504222869873], "times_state_16": [0.003133375883102417, 0.003097599983215332, 0.0036167678833007814, 0.0007497280240058899, 0.003646143913269043, 0.004134624004364013, 0.003959199905395508, 0.004639776229858399, 0.004530303955078125, 0.004622335910797119], "times_state_32": [0.002494463920593262, 0.028405344009399414, 0.0024197120666503906, 0.0016519360542297363, 0.002875296115875244, 0.0031877119541168213, 0.003429375886917114, 0.003573024034500122, 0.0038799359798431395, 0.004448256015777588], "mems_state_8": [0.3125, 0.75, 1.84375, 5.3984375, 11.9375, 27.734375, 67.65625, 166.40625, 403.796875, 990.09375], "mems_state_16": [0.625, 1.5, 3.6875, 9.125, 22.4375, 56.0, 136.0, 329.625, 807.796875, 1976.375], "mems_state_32": [1.25, 3.0, 7.375, 18.25, 45.65625, 110.9375, 271.3125, 659.25, 1615.59375, 3952.75]}], "train": [{"batch_size": 64, "channels": 256, "times_state_8": [0.04473023986816406, 0.02274508857727051, 0.009666239738464356, 0.009135231971740723, 0.01643724822998047, 0.008448415756225586, 0.010447872161865235, 0.02382736015319824, 0.0200949764251709, 0.024088960647583008], "times_state_16": [0.012378303527832032, 0.011964415550231934, 0.008298751831054687, 0.007253888130187988, 0.007639039993286132, 0.008325119972229005, 0.008224767684936523, 0.013752320289611816, 0.013325311660766602, 0.004687071800231934], "times_state_32": [0.006880256175994873, 0.006096928119659424, 0.005748511791229248, 0.007554048061370849, 0.007008255958557129, 0.006467967987060547, 0.006949888229370117, 0.008498432159423829, 0.008152064323425292, 0.003329119920730591], "mems_state_8": [8.845703125, 1.376953125, 3.33447265625, 9.21630859375, 21.2744140625, 50.5908203125, 123.7431640625, 302.73974609375, 731.8154296875, 1795.13623046875], "mems_state_16": [1.189453125, 2.65673828125, 6.55322265625, 16.23974609375, 39.9541015625, 99.7236328125, 243.6025390625, 587.16943359375, 1439.3232421875, 3520.64404296875], "mems_state_32": [2.17626953125, 5.26611328125, 12.99072265625, 32.19287109375, 83.1103515625, 196.6298828125, 480.1962890625, 1164.40380859375, 2853.3232421875, 6979.28466796875]}]}