{"infer": [{"batch_size": 64, "channels": 256, "times_state_full": [0.0025937600135803223, 0.0027207679748535154, 0.0020592639446258545, 0.002383008003234863, 0.002912992000579834, 0.00317526388168335, 0.003377887964248657, 0.0008509439826011657, 0.04023910522460938, 0.003987456083297729], "mems_state_full": [1.25, 3.0, 7.375, 19.1875, 46.4375, 110.9375, 271.3125, 659.25, 1616.0, 3952.75], "times_state_k512": [0.0021637120246887206, 0.00263919997215271, 0.002489343881607056, 0.002520319938659668, 0.002964479923248291, 0.0032593920230865477, 0.0030064640045166014, 0.000964896023273468, 0.004987904071807861, 0.0013189120292663573], "mems_state_k512": [1.25, 3.0, 7.375, 19.1875, 46.4375, 111.46875, 271.3125, 659.25, 1615.59375, 3952.75], "times_state_k4096": [0.002450432062149048, 0.027337791442871094, 0.0005766080021858216, 0.002430975914001465, 0.0029317119121551514, 0.0032272319793701172, 0.0253591365814209, 0.0036186881065368654, 0.0037942399978637695, 0.005692416191101074], "mems_state_k4096": [1.25, 3.0, 7.375, 18.96875, 46.4375, 110.9375, 271.3125, 659.25, 1615.59375, 3952.75]}], "train": [{"batch_size": 64, "channels": 256, "times_state_full": [0.04637491226196289, 0.00733081579208374, 0.006971392154693603, 0.008348768234252929, 0.007822336196899414, 0.009209856033325196, 0.007928736209869384, 0.06133555221557617, 0.008089599609375, 0.013900799751281738], "mems_state_full": [10.251953125, 5.26611328125, 12.99072265625, 33.13037109375, 83.1103515625, 196.6298828125, 479.1728515625, 1164.97802734375, 2853.3232421875, 6979.28466796875], "times_state_k512": [0.006647776126861573, 0.007128064155578613, 0.006707200050354004, 0.005082335948944092, 0.002148576021194458, 0.007638016223907471, 0.007633920192718506, 0.00799567985534668, 0.00870793628692627, 0.008512255668640136], "mems_state_k512": [2.17626953125, 5.26611328125, 12.99072265625, 32.91162109375, 83.1103515625, 185.00390625, 425.00390625, 1005.84765625, 2441.00390625, 5946.09765625], "times_state_k4096": [0.0064133119583129885, 0.0074670081138610836, 0.006187007904052734, 0.006797696113586426, 0.007537568092346191, 0.007729536056518555, 0.007620927810668946, 0.007932608127593993, 0.008068096160888672, 0.009957375526428223], "mems_state_k4096": [2.17626953125, 5.26611328125, 12.99072265625, 32.91162109375, 83.1103515625, 196.6298828125, 479.1728515625, 1124.875, 2560.03125, 6065.125]}]}