{"infer": [{"batch_size": 16, "channels": 121, "times_leaky_single": [0.0015073280334472656, 0.0028285439014434813, 0.00840396785736084, 0.019230976104736328, 0.05327155303955078, 0.1473966979980469, 0.4072824401855469, 1.134554931640625, 3.212358642578125, 8.8163857421875], "times_leaky_multi": [0.0014079680442810058, 0.002926687955856323, 0.007516096115112305, 0.019315711975097655, 0.05351007843017578, 0.14609202575683594, 0.40724786376953126, 1.1353590087890626, 3.173380126953125, 8.749958984375], "times_state_single": [0.0014277759790420532, 0.0018484159708023072, 0.0018268159627914428, 0.0015074880123138428, 0.0018494080305099488, 0.002170111894607544, 0.0023067519664764402, 0.00234931206703186, 0.0026224639415740967, 0.002978976011276245], "times_state_multi": [0.0014632960557937622, 0.0014354239702224732, 0.001721343994140625, 0.0015008000135421752, 0.001815551996231079, 0.002027328014373779, 0.002272576093673706, 0.0023193600177764894, 0.002661375999450684, 0.0029799680709838867], "times_gen2_single": [0.007158976078033447, 0.0004045439958572388, 0.0006010879874229431, 0.0005140479803085327, 0.051059711456298826, 0.0007192639708518982, 0.000973151981830597, 0.000922752022743225, 0.0009830399751663207, 0.013665311813354493], "times_gen2_multi": [0.0005130239725112915, 0.00045580801367759707, 0.000549888014793396, 0.0003932160139083862, 0.0006256639957427978, 0.0005826560258865356, 0.0009697279930114746, 0.0008499199748039245, 0.0009935359954833984, 0.013714783668518067], "mems_leaky_single": [0.046875, 0.046875, 0.046875, 0.046875, 0.046875, 0.046875, 0.046875, 0.046875, 0.046875, 0.046875], "mems_leaky_multi": [0.046875, 0.046875, 0.046875, 0.046875, 0.046875, 0.046875, 0.046875, 0.046875, 0.046875, 0.046875], "mems_state_single": [0.296875, 0.798828125, 2.275390625, 6.3515625, 17.6953125, 49.275390625, 137.1015625, 382.76171875, 1062.8232421875, 2955.05078125], "mems_state_multi": [0.296875, 0.798828125, 2.275390625, 6.3515625, 17.6953125, 49.275390625, 137.1015625, 382.76171875, 1062.8232421875, 2955.05078125], "mems_gen2_single": [0.6416015625, 1.7275390625, 4.9130859375, 14.2890625, 38.53955078125, 108.24560546875, 296.75439453125, 827.46142578125, 2295.82763671875, 6379.984375], "mems_gen2_multi": [0.6416015625, 1.7275390625, 4.9130859375, 14.2890625, 38.53955078125, 108.24560546875, 296.75439453125, 827.46142578125, 2295.82763671875, 6379.984375]}], "train": [{"batch_size": 16, "channels": 121, "times_leaky_single": [0.04174028778076172, 0.006019296169281006, 0.015049728393554687, 0.040031520843505856, 0.1090365447998047, 0.30419345092773437, 0.8569476928710937, 2.496745361328125, 6.979181640625, 19.61970703125], "times_leaky_multi": [0.0028422079086303713, 0.006106112003326416, 0.015159968376159669, 0.04005990219116211, 0.11182387542724609, 0.3047260437011719, 0.9346590576171875, 2.504498291015625, 7.10410546875, 19.92544140625], "times_state_single": [0.003914112091064453, 0.003486783981323242, 0.004093760013580322, 0.003865600109100342, 0.00420147180557251, 0.005261312007904053, 0.0050778560638427735, 0.005837408065795899, 0.004256095886230469, 0.017200159072875976], "times_state_multi": [0.0030801920890808107, 0.003265536069869995, 0.003590143918991089, 0.0033003520965576173, 0.0036218879222869875, 0.0013537600040435791, 0.005407743930816651, 0.005085184097290039, 0.0052715520858764645, 0.0034068479537963867], "times_gen2_single": [0.004048960208892822, 0.0012944639921188355, 0.0013578239679336549, 0.0014486720561981202, 0.0012328959703445436, 0.0017192959785461426, 0.001943552017211914, 0.0018883199691772461, 0.0021186559200286866, 0.003378528118133545], "times_gen2_multi": [0.0013926080465316772, 0.0011274240016937256, 0.0013957120180130005, 0.0012285759449005126, 0.0012173759937286377, 0.0015292160511016846, 0.0018747520446777343, 0.0018254400491714477, 0.0020373759269714355, 0.011873279571533203], "mems_leaky_single": [8.44677734375, 0.595703125, 1.4013671875, 3.625, 9.8125, 27.03759765625, 74.9423828125, 208.263671875, 579.23974609375, 1611.48876953125], "mems_leaky_multi": [0.32177734375, 0.595703125, 1.4013671875, 3.625, 9.8125, 27.03759765625, 74.9423828125, 208.263671875, 579.23974609375, 1611.48876953125], "mems_state_single": [0.517578125, 1.40380859375, 4.01171875, 12.17041015625, 31.24365234375, 87.01416015625, 242.1162109375, 676.86328125, 1877.8154296875, 5217.93017578125], "mems_state_multi": [0.52197265625, 1.416015625, 4.046875, 12.26904296875, 31.51806640625, 87.77734375, 244.37939453125, 682.775390625, 1894.2666015625, 5263.70654296875], "mems_gen2_single": [0.791015625, 2.1279296875, 6.0517578125, 18.41845703125, 47.38818359375, 132.63671875, 365.30615234375, 1020.08154296875, 2828.4169921875, 7857.8974609375], "mems_gen2_multi": [0.791015625, 2.1279296875, 6.0517578125, 18.41845703125, 47.38818359375, 132.63671875, 365.30615234375, 1019.46240234375, 2827.82861328125, 7857.8974609375]}]}