{"infer": [{"batch_size": 16, "channels": 64, "times_leaky": [0.0017471359968185426, 0.0030012478828430177, 0.0058716158866882326, 0.01176371192932129, 0.024500831604003907, 0.05299622344970703, 0.11429273223876953, 0.2658314208984375, 0.528564208984375, 1.1378206787109375], "times_state": [0.001513856053352356, 0.0004636160135269165, 0.0014837759733200074, 0.0018393280506134033, 0.002041856050491333, 0.0014335999488830566, 0.0017703039646148682, 0.0018844799995422364, 0.002310528039932251, 0.0022323200702667237], "mems_leaky": [0.0234375, 0.0234375, 0.0234375, 0.0234375, 0.0234375, 0.0234375, 0.0234375, 0.0234375, 0.0234375, 0.0234375], "mems_state": [0.15625, 0.328125, 0.71875, 1.5625, 3.359375, 7.25, 15.625, 33.65625, 72.515625, 158.125]}, {"batch_size": 32, "channels": 128, "times_leaky": [0.0016923520565032958, 0.003036191940307617, 0.005942304134368897, 0.012652544021606446, 0.02549043273925781, 0.05443993759155273, 0.11707389068603516, 0.25288397216796876, 0.5411676025390625, 1.1567401123046874], "times_state": [0.0014927040338516236, 0.0014716800451278686, 0.0018198080062866212, 0.0012195839881896972, 0.0014939199686050415, 0.001521664023399353, 0.0021432321071624756, 0.0022872960567474365, 0.0023439359664916993, 0.002543231964111328], "mems_leaky": [0.1015625, 0.1015625, 0.1015625, 0.1015625, 0.1015625, 0.1015625, 0.1015625, 0.1015625, 0.1015625, 0.1015625], "mems_state": [0.625, 1.3125, 2.875, 6.25, 13.4375, 29.0, 64.0, 136.0, 291.03125, 625.0]}, {"batch_size": 64, "channels": 256, "times_leaky": [0.0017786879539489747, 0.00296345591545105, 0.005891071796417236, 0.012154879570007325, 0.02568899154663086, 0.05470310211181641, 0.11764115142822265, 0.25159884643554686, 0.536142822265625, 1.1642042236328125], "times_state": [0.0014315520524978637, 0.0015470080375671387, 0.0004978559911251069, 0.0015503360033035278, 0.0015400960445404053, 0.0010023039579391479, 0.0023439359664916993, 0.002356384038925171, 0.002769920110702515, 0.002920448064804077], "mems_leaky": [0.421875, 0.421875, 0.421875, 0.421875, 0.421875, 0.421875, 0.421875, 0.421875, 0.421875, 0.421875], "mems_state": [2.5, 6.125, 11.5, 25.0, 53.75, 117.0, 251.0, 539.25, 1160.25, 2502.0]}], "train": [{"batch_size": 16, "channels": 64, "times_leaky": [0.03764815902709961, 0.005727231979370117, 0.010293248176574708, 0.021259424209594726, 0.044700672149658206, 0.09714102172851563, 0.20410549926757812, 0.44130816650390625, 0.9619253540039062, 2.154573486328125], "times_state": [0.0035235838890075684, 0.0032808959484100344, 0.0030208001136779786, 0.005687903881072998, 0.0037795839309692383, 0.0035072000026702883, 0.0034889919757843018, 0.004271103858947754, 0.005374112129211426, 0.006459392070770263], "mems_leaky": [8.2509765625, 0.21728515625, 0.4248046875, 0.873046875, 1.82763671875, 3.89453125, 8.34375, 17.9228515625, 38.56689453125, 83.05078125], "mems_state": [0.27490234375, 0.58154296875, 1.27685546875, 2.7802734375, 6.380859375, 12.984375, 27.8359375, 59.962890625, 130.55126953125, 283.63134765625]}, {"batch_size": 32, "channels": 128, "times_leaky": [0.003151871919631958, 0.005665887832641601, 0.011079551696777344, 0.02268569564819336, 0.046838783264160154, 0.09998336029052735, 0.2869552001953125, 0.5421537475585938, 0.9849043579101563, 2.284653564453125], "times_state": [0.003447808027267456, 0.0010485759973526002, 0.004103040218353272, 0.003525631904602051, 0.0033287999629974365, 0.0038739199638366697, 0.07617740631103516, 0.005491040229797363, 0.006266880035400391, 0.008062911987304687], "mems_leaky": [0.4970703125, 0.84619140625, 1.6396484375, 3.353515625, 7.00341796875, 14.90625, 31.91796875, 68.5439453125, 147.47705078125, 317.5625], "mems_state": [1.08837890625, 2.30224609375, 5.06103515625, 12.6181640625, 23.7119140625, 51.19140625, 112.609375, 240.939453125, 513.28564453125, 1103.57666015625]}, {"batch_size": 64, "channels": 256, "times_leaky": [0.0034131200313568116, 0.005851136207580566, 0.011172736167907715, 0.0223242244720459, 0.04760985565185547, 0.10139545440673828, 0.22216998291015624, 0.4693032836914062, 1.0962176513671875, 2.239798095703125], "times_state": [0.0036915199756622314, 0.0034652159214019775, 0.0034403839111328124, 0.0031979520320892336, 0.0035583999156951905, 0.004423840045928955, 0.0052353920936584475, 0.005289055824279785, 0.007168032169342041, 0.007244063854217529], "mems_leaky": [1.9931640625, 3.37890625, 6.5283203125, 13.3310546875, 27.818359375, 59.1865234375, 126.7099609375, 272.0869140625, 585.390625, 1260.4990234375], "mems_state": [4.66845703125, 10.95947265625, 20.43408203125, 44.3212890625, 94.421875, 207.91015625, 439.3984375, 947.5166015625, 2039.47509765625, 4399.60791015625]}]}