{"infer": [{"batch_size": 64, "channels": 256, "times_state_8": [0.00514899206161499, 0.0011501760482788086, 0.0017315839529037475, 0.004702335834503174, 0.005570559978485107, 0.005686143875122071, 0.0056780800819396975, 0.005830656051635743, 0.005959680080413818, 0.0062845759391784665], "times_state_16": [0.0030959041118621827, 0.0030311040878295897, 0.003606656074523926, 0.003018752098083496, 0.0036082239151000975, 0.004030464172363281, 0.00405785608291626, 0.0045352959632873535, 0.004626431941986084, 0.004646143913269043], "times_state_32": [0.002469248056411743, 0.0026746881008148193, 0.00207257604598999, 0.0021451520919799805, 0.002769984006881714, 0.003290303945541382, 0.003427328109741211, 0.0039639039039611815, 0.0037468159198760986, 0.004676608085632325], "mems_state_8": [0.3125, 0.75, 1.84375, 5.3984375, 11.9375, 27.734375, 67.65625, 166.40625, 403.796875, 990.09375], "mems_state_16": [0.625, 1.5, 3.6875, 9.125, 22.4375, 56.0, 136.0, 329.625, 807.796875, 1976.375], "mems_state_32": [1.25, 3.0, 7.375, 18.25, 45.65625, 110.9375, 271.3125, 659.25, 1615.59375, 3952.75]}], "train": [{"batch_size": 64, "channels": 256, "times_state_8": [0.041388031005859374, 0.023037952423095705, 0.022920192718505858, 0.022420736312866212, 0.02267942428588867, 0.023595008850097656, 0.023990272521972656, 0.02349283218383789, 0.02397065544128418, 0.00511897611618042], "times_state_16": [0.012027071952819825, 0.012243136405944825, 0.01223788833618164, 0.011902976036071777, 0.012485471725463868, 0.013049856185913086, 0.0132741117477417, 0.011616255760192871, 0.013225983619689942, 0.005483520030975342], "times_state_32": [0.006683807849884033, 0.006829055786132812, 0.005888000011444092, 0.05380953598022461, 0.003615839958190918, 0.008131808280944824, 0.008266655921936036, 0.008279423713684082, 0.008217984199523926, 0.007015423774719238], "mems_state_8": [8.845703125, 1.376953125, 3.33447265625, 9.21630859375, 21.2744140625, 50.5908203125, 123.7431640625, 302.73974609375, 731.8154296875, 1795.13623046875], "mems_state_16": [1.189453125, 2.65673828125, 6.55322265625, 16.23974609375, 39.9541015625, 99.7236328125, 243.6025390625, 587.16943359375, 1439.3232421875, 3520.64404296875], "mems_state_32": [2.17626953125, 5.26611328125, 12.99072265625, 32.19287109375, 83.1103515625, 196.6298828125, 480.1962890625, 1164.40380859375, 2853.3232421875, 6979.28466796875]}]}