{"infer": [{"batch_size": 64, "channels": 256, "times_state_8": [0.0050302081108093265, 0.004895743846893311, 0.005256127834320068, 0.0055552000999450684, 0.00471449613571167, 0.004814784049987793, 0.005524064064025879, 0.005698592185974121, 0.005889023780822754, 0.006032383918762207], "times_state_16": [0.0030986239910125732, 0.002972671985626221, 0.003556384086608887, 0.0034208319187164307, 0.0029943039417266847, 0.0035727360248565673, 0.004068319797515869, 0.003957760095596313, 0.018973695755004884, 0.004319519996643067], "times_state_32": [0.0024322240352630613, 0.0026593279838562013, 0.002042880058288574, 0.002421855926513672, 0.002471519947052002, 0.0029665279388427735, 0.0030833599567413332, 0.003374079942703247, 0.022232255935668944, 0.0036775360107421874], "mems_state_8": [0.3125, 0.65625, 1.4375, 3.125, 6.71875, 14.5, 31.625, 67.65625, 145.03125, 312.5], "mems_state_16": [0.625, 1.3125, 2.875, 6.875, 13.4375, 29.0, 64.0, 136.0, 290.0625, 625.0], "mems_state_32": [1.25, 2.625, 5.75, 12.5, 27.4375, 59.0, 126.5, 271.3125, 583.03125, 1250.0]}], "train": [{"batch_size": 64, "channels": 256, "times_state_8": [0.034653278350830076, 0.02218940734863281, 0.022374399185180666, 0.022863872528076173, 0.02226688003540039, 0.02320652770996094, 0.023544479370117187, 0.02353875160217285, 0.07810947418212891, 0.009923999786376952], "times_state_16": [0.01234227180480957, 0.011450655937194824, 0.01231164836883545, 0.011484895706176758, 0.0545054702758789, 0.08972902679443359, 0.08641315460205078, 0.013150208473205567, 0.007774208068847656, 0.018251775741577148], "times_state_32": [0.004600448131561279, 0.0023644158840179443, 0.00663759994506836, 0.006370431900024414, 0.009269248008728028, 0.007822336196899414, 0.007673855781555176, 0.008297823905944824, 0.0017488319873809814, 0.008819711685180665], "mems_state_8": [8.845703125, 1.236328125, 2.59814453125, 5.6572265625, 12.1796875, 26.27734375, 57.0234375, 122.3642578125, 262.89697265625, 566.47509765625], "mems_state_16": [1.189453125, 2.32275390625, 5.10595703125, 11.1181640625, 24.734375, 51.64453125, 113.9609375, 242.2236328125, 517.67822265625, 1113.34228515625], "mems_state_32": [2.17626953125, 4.60400390625, 10.12158203125, 22.0400390625, 48.015625, 102.37890625, 224.4296875, 478.8173828125, 1029.13134765625, 2207.07666015625]}]}