{"infer": [{"batch_size": 64, "channels": 8, "times_leaky_single": [0.009941696166992187, 0.011442943572998047, 0.13224038696289062, 1.6035205078125], "times_leaky_multi": [0.0012974079847335816, 0.011581439971923829, 0.13248825073242188, 1.602513671875], "times_state_single": [0.00763270378112793, 0.00676361608505249, 0.007226655960083008, 0.0066641921997070315], "times_state_multi": [0.006951935768127441, 0.007767039775848389, 0.006840320110321045, 0.00758515214920044], "times_gen2_single": [0.0035921919345855715, 0.003900415897369385, 0.003856384038925171, 0.004700928211212158], "times_gen2_multi": [0.0034700798988342284, 0.0036327679157257082, 0.0038468799591064454, 0.004655327796936035], "mems_leaky_single": [0.01171875, 0.01171875, 0.01171875, 0.01171875], "mems_leaky_multi": [0.01171875, 0.01171875, 0.01171875, 0.01171875], "mems_state_single": [0.005859375, 0.060546875, 0.716796875, 8.68359375], "mems_state_multi": [0.005859375, 0.060546875, 0.716796875, 8.68359375], "mems_gen2_single": [0.02294921875, 0.68701171875, 76.0595703125, 6278.2109375], "mems_gen2_multi": [0.02294921875, 0.68701171875, 76.0595703125, 6278.2109375]}], "train": [{"batch_size": 64, "channels": 8, "times_leaky_single": [], "times_leaky_multi": [], "times_state_single": [], "times_state_multi": [], "times_gen2_single": [], "times_gen2_multi": [], "mems_leaky_single": [], "mems_leaky_multi": [], "mems_state_single": [], "mems_state_multi": [], "mems_gen2_single": [], "mems_gen2_multi": []}]}