{"infer": [{"batch_size": 64, "channels": 256, "times_state_8": [0.0012042239904403688, 0.0011673599481582641, 0.005254144191741943, 0.005681151866912842, 0.004799488067626953, 0.004844543933868409, 0.005561344146728516, 0.005476352214813233, 0.005734432220458985, 0.006130655765533447], "times_state_16": [0.0030791680812835695, 0.0030936319828033447, 0.0035522239208221435, 0.003411967992782593, 0.0030004799365997313, 0.0036526079177856443, 0.00404860782623291, 0.0039792640209197995, 0.03185868835449219, 0.004156703948974609], "times_state_32": [0.0024403519630432128, 0.0026296319961547853, 0.002106175899505615, 0.0025432960987091064, 0.0024874880313873293, 0.002984224081039429, 0.0031539199352264404, 0.0034498879909515383, 0.036817249298095704, 0.003659775972366333], "mems_state_8": [0.3125, 0.65625, 1.4375, 3.125, 6.71875, 14.5, 31.625, 67.65625, 145.03125, 312.5], "mems_state_16": [0.625, 1.3125, 2.875, 6.875, 13.4375, 29.0, 64.0, 136.0, 290.0625, 625.0], "mems_state_32": [1.25, 2.625, 5.75, 12.5, 27.4375, 59.0, 126.5, 271.3125, 583.03125, 1250.0]}], "train": [{"batch_size": 64, "channels": 256, "times_state_8": [0.04000627136230469, 0.0220248966217041, 0.022507776260375978, 0.01760051155090332, 0.022553600311279298, 0.023367679595947266, 0.023706239700317384, 0.02327974319458008, 0.10002566528320313, 0.024194047927856444], "times_state_16": [0.011317472457885742, 0.011786975860595704, 0.012113920211791992, 0.011591679573059082, 0.02831667137145996, 0.10596822357177735, 0.002933759927749634, 0.0038023040294647217, 0.013204895973205566, 0.013710432052612305], "times_state_32": [0.00682700777053833, 0.007226367950439453, 0.013051967620849609, 0.006503424167633057, 0.008821887969970703, 0.007768064022064209, 0.007915808200836181, 0.010112000465393066, 0.008102815628051757, 0.008364352226257324], "mems_state_8": [8.845703125, 1.236328125, 2.59814453125, 5.6572265625, 12.1796875, 26.27734375, 57.0234375, 122.3642578125, 262.89697265625, 566.47509765625], "mems_state_16": [1.189453125, 2.32275390625, 5.10595703125, 11.1181640625, 24.734375, 51.64453125, 113.9609375, 242.2236328125, 517.67822265625, 1113.34228515625], "mems_state_32": [2.17626953125, 4.60400390625, 10.12158203125, 22.0400390625, 48.015625, 102.37890625, 224.4296875, 478.8173828125, 1029.13134765625, 2207.07666015625]}]}