{"infer": [{"batch_size": 64, "channels": 256, "times_state_8": [0.0021921920776367186, 0.0049576001167297365, 0.0053144640922546385, 0.005654623985290527, 0.004884704113006592, 0.00486297607421875, 0.005619711875915527, 0.005783679962158203, 0.0013315199613571167, 0.00608358383178711], "times_state_16": [0.003075040102005005, 0.00311296010017395, 0.003646656036376953, 0.003404927968978882, 0.0032284479141235353, 0.0037007360458374025, 0.004061183929443359, 0.0039639039039611815, 0.0766740493774414, 0.00429472017288208], "times_state_32": [0.0024997758865356445, 0.002793056011199951, 0.002176192045211792, 0.002446336030960083, 0.0025497920513153074, 0.0029706239700317385, 0.003169280052185059, 0.003388416051864624, 0.03373567962646484, 0.0037038719654083254], "mems_state_8": [0.3125, 0.65625, 1.4375, 3.125, 6.71875, 14.5, 31.625, 67.65625, 145.03125, 312.5], "mems_state_16": [0.625, 1.3125, 2.875, 6.875, 13.4375, 29.0, 64.0, 136.0, 290.0625, 625.0], "mems_state_32": [1.25, 2.625, 5.75, 12.5, 27.4375, 59.0, 126.5, 271.3125, 583.03125, 1250.0]}], "train": [{"batch_size": 64, "channels": 256, "times_state_8": [0.03556249618530274, 0.02226140785217285, 0.02324799919128418, 0.02342911911010742, 0.00954265594482422, 0.02375129508972168, 0.02410700798034668, 0.01296281623840332, 0.004805984020233155, 0.02429747200012207], "times_state_16": [0.012019712448120118, 0.012056575775146485, 0.012424192428588866, 0.00984160041809082, 0.035729408264160156, 0.0029430720806121824, 0.012437760353088379, 0.03286732864379883, 0.013395551681518555, 0.013559904098510742], "times_state_32": [0.0065354561805725095, 0.02285260772705078, 0.006661119937896728, 0.005531680107116699, 0.007017471790313721, 0.00753388786315918, 0.00781824016571045, 0.03748681640625, 0.00828006362915039, 0.007109632015228271], "mems_state_8": [8.845703125, 1.236328125, 2.59814453125, 5.6572265625, 12.1796875, 26.27734375, 57.0234375, 122.3642578125, 262.89697265625, 566.47509765625], "mems_state_16": [1.189453125, 2.32275390625, 5.10595703125, 11.1181640625, 24.734375, 51.64453125, 113.9609375, 242.2236328125, 517.67822265625, 1113.34228515625], "mems_state_32": [2.17626953125, 4.60400390625, 10.12158203125, 22.0400390625, 48.015625, 102.37890625, 224.4296875, 478.8173828125, 1029.13134765625, 2207.07666015625]}]}