{"infer": [{"batch_size": 64, "channels": 256, "times_state_8": [0.0052665920257568355, 0.0049530878067016604, 0.005338111877441406, 0.005641215801239013, 0.004833280086517334, 0.0049275197982788085, 0.005637343883514404, 0.00583135986328125, 0.0059227199554443355, 0.006236159801483154], "times_state_16": [0.0007157760262489318, 0.0010648319721221924, 0.0009676799774169922, 0.0009697279930114746, 0.0007862079739570617, 0.003073024034500122, 0.0010536960363388061, 0.003141632080078125, 0.0045660161972045895, 0.0043089919090271], "times_state_32": [0.002479360103607178, 0.0027299840450286865, 0.002136928081512451, 0.002539520025253296, 0.002510848045349121, 0.0030491199493408202, 0.0031571519374847413, 0.0033417279720306396, 0.003424256086349487, 0.004713535785675049], "mems_state_8": [0.3125, 0.65625, 1.4375, 3.125, 6.71875, 14.5, 31.625, 67.65625, 145.03125, 312.5], "mems_state_16": [0.625, 1.3125, 2.875, 6.875, 13.4375, 29.0, 64.0, 136.0, 290.0625, 625.0], "mems_state_32": [1.25, 2.625, 5.75, 12.5, 27.4375, 59.0, 126.5, 271.3125, 583.03125, 1250.0]}], "train": [{"batch_size": 64, "channels": 256, "times_state_8": [0.03329228973388672, 0.02312937545776367, 0.022671424865722656, 0.023402496337890624, 0.02274620819091797, 0.023001087188720702, 0.02351206398010254, 0.023470048904418946, 0.024464256286621095, 0.0252324161529541], "times_state_16": [0.012397184371948242, 0.01307756805419922, 0.012203776359558105, 0.011454463958740235, 0.011891712188720703, 0.013209440231323243, 0.012892160415649414, 0.013151968002319336, 0.008975359916687011, 0.014115839958190919], "times_state_32": [0.006645855903625489, 0.006846464157104492, 0.0032553279399871824, 0.007030816078186035, 0.009537919998168946, 0.008060895919799804, 0.008127743721008301, 0.008483872413635254, 0.007863391876220703, 0.00862003231048584], "mems_state_8": [8.845703125, 1.236328125, 2.59814453125, 5.6572265625, 12.1796875, 26.27734375, 57.0234375, 122.3642578125, 262.89697265625, 566.47509765625], "mems_state_16": [1.189453125, 2.32275390625, 5.10595703125, 11.1181640625, 24.734375, 51.64453125, 113.9609375, 242.2236328125, 517.67822265625, 1113.34228515625], "mems_state_32": [2.17626953125, 4.60400390625, 10.12158203125, 22.0400390625, 48.015625, 102.37890625, 224.4296875, 478.8173828125, 1029.13134765625, 2207.07666015625]}]}