{"infer": [{"batch_size": 64, "channels": 64, "times_leaky_single": [0.005830560207366943, 0.002324480056762695, 0.0035467839241027834, 0.005756927967071533, 0.009226240158081055, 0.015096927642822265, 0.024871711730957032, 0.04178124618530273, 0.06940835571289063, 0.11503734588623046], "times_leaky_multi": [0.0015722240209579469, 0.002430975914001465, 0.0034805760383605955, 0.005705728054046631, 0.00914739227294922, 0.015060928344726563, 0.024699968338012697, 0.04107059097290039, 0.06870323181152344, 0.11390370941162109], "times_state_single": [0.0012113920450210571, 0.0048793601989746095, 0.00491212797164917, 0.0049690880775451664, 0.00486406421661377, 0.005525599956512451, 0.005378047943115235, 0.005732351779937744, 0.004880383968353271, 0.029353055953979492], "times_state_multi": [0.004965248107910156, 0.00487014389038086, 0.004867072105407715, 0.004880383968353271, 0.004888351917266846, 0.005351424217224121, 0.005202943801879883, 0.005494783878326416, 0.004883456230163574, 0.005571167945861816], "times_gen2_single": [0.001065984010696411, 0.0012316479682922363, 0.0011878399848937989, 0.0012775360345840454, 0.001217535972595215, 0.0012881920337677003, 0.0013178880214691161, 0.0013404159545898438, 0.001412992000579834, 0.001368064045906067], "times_gen2_multi": [0.0010489599704742432, 0.0011723519563674927, 0.001173311948776245, 0.0017448960542678833, 0.00116428804397583, 0.0013015040159225465, 0.0013692159652709962, 0.001358847975730896, 0.002044640064239502, 0.0030825281143188475], "mems_leaky_single": [0.10546875, 0.10546875, 0.10546875, 0.10546875, 0.10546875, 0.10546875, 0.10546875, 0.10546875, 0.10546875, 0.10546875], "mems_leaky_multi": [0.10546875, 0.10546875, 0.10546875, 0.10546875, 0.10546875, 0.10546875, 0.10546875, 0.10546875, 0.10546875, 0.10546875], "mems_state_single": [0.078125, 0.125, 0.2109375, 0.359375, 0.6015625, 1.0078125, 1.6796875, 3.14306640625, 4.919921875, 7.8125], "mems_state_multi": [0.078125, 0.125, 0.2109375, 0.359375, 0.6015625, 1.0078125, 1.6796875, 3.2294921875, 4.6796875, 7.8125], "mems_gen2_single": [5.15625, 8.25, 14.296875, 23.71875, 41.203125, 66.515625, 110.859375, 185.109375, 309.099609375, 520.251953125], "mems_gen2_multi": [5.15625, 8.25, 14.296875, 23.71875, 41.203125, 66.515625, 110.859375, 185.109375, 309.099609375, 520.251953125]}], "train": [{"batch_size": 64, "channels": 64, "times_leaky_single": [0.034032638549804685, 0.0043991999626159664, 0.006729695796966553, 0.010820735931396484, 0.01702195167541504, 0.027544736862182617, 0.045200382232666016, 0.07540595245361328, 0.12316374206542968, 0.203955322265625], "times_leaky_multi": [0.003234816074371338, 0.004272128105163574, 0.006251520156860352, 0.010567423820495605, 0.016802431106567383, 0.027222784042358398, 0.04516451263427734, 0.07341664123535156, 0.17074359130859376, 0.20441897583007812], "times_state_single": [0.004898816108703613, 0.022385663986206054, 0.008933568000793457, 0.022853631973266602, 0.02262771224975586, 0.023027711868286133, 0.0252105598449707, 0.009167263984680176, 0.02307276725769043, 0.023300159454345704], "times_state_multi": [0.023152416229248046, 0.022087007522583007, 0.00852899169921875, 0.021553279876708985, 0.021016576766967773, 0.021351455688476562, 0.02230169677734375, 0.00947424030303955, 0.022193151473999022, 0.02180691146850586], "times_gen2_single": [0.008233983993530274, 0.00591161584854126, 0.004764671802520752, 0.0059781761169433595, 0.006061247825622559, 0.006161312103271485, 0.006439775943756104, 0.0053647360801696775, 0.00570579195022583, 0.08177129364013672], "times_gen2_multi": [0.005801023960113526, 0.00566480016708374, 0.004631552219390869, 0.0060098237991333, 0.006029088020324707, 0.006666240215301514, 0.006052256107330322, 0.005239808082580567, 0.006349023818969727, 0.007270751953125], "mems_leaky_single": [8.56396484375, 0.62939453125, 0.978515625, 1.58154296875, 2.5654296875, 4.2158203125, 6.9453125, 11.515625, 19.1328125, 31.85986328125], "mems_leaky_multi": [0.43896484375, 0.62939453125, 0.978515625, 1.58154296875, 2.5654296875, 4.2158203125, 6.9453125, 11.515625, 19.1328125, 31.85986328125], "mems_state_single": [0.13818359375, 0.2216796875, 0.375, 0.63916015625, 1.0712890625, 1.7958984375, 2.9931640625, 5.94775390625, 8.45654296875, 13.92578125], "mems_state_multi": [0.14013671875, 0.22509765625, 0.38134765625, 0.64990234375, 1.08984375, 1.82666015625, 3.044921875, 6.0341796875, 8.7255859375, 14.166015625], "mems_gen2_single": [6.49267578125, 10.34814453125, 17.79150390625, 29.62548828125, 51.04541015625, 82.95947265625, 138.22119140625, 230.75244140625, 385.32470703125, 648.27197265625], "mems_gen2_multi": [6.49267578125, 10.34814453125, 17.79150390625, 29.62548828125, 51.04541015625, 82.95947265625, 138.22119140625, 230.75244140625, 385.32470703125, 648.27197265625]}]}