{"infer": [{"batch_size": 64, "channels": 256, "times_leaky_single": [0.009987199783325195, 0.011525983810424805, 0.1340088348388672, 1.6035604248046875], "times_leaky_multi": [0.001396896004676819, 0.011488256454467773, 0.13259341430664062, 1.612485595703125], "times_state_single": [0.006944767951965332, 0.007683072090148926, 0.007252992153167725, 0.007517183780670166], "times_state_multi": [0.009178112030029297, 0.01704422378540039, 0.007808256149291992, 0.005472928047180176], "times_gen2_single": [0.0033515520095825195, 0.0035389440059661863, 0.07868211364746094, 0.004914175987243652], "times_gen2_multi": [0.0031948161125183107, 0.0031784958839416503, 0.0033126399517059324, 0.0050800638198852536], "mems_leaky_single": [0.421875, 0.421875, 0.421875, 0.421875], "mems_leaky_multi": [0.421875, 0.421875, 0.421875, 0.421875], "mems_state_single": [0.15625, 1.890625, 22.921875, 279.4609375], "mems_state_multi": [0.15625, 1.890625, 23.4609375, 279.4609375], "mems_gen2_single": [1.51025390625, 7.42431640625, 132.14453125, 11555.85009765625], "mems_gen2_multi": [1.51025390625, 7.42431640625, 132.14453125, 11555.85009765625]}], "train": [{"batch_size": 64, "channels": 256, "times_leaky_single": [], "times_leaky_multi": [], "times_state_single": [], "times_state_multi": [], "times_gen2_single": [], "times_gen2_multi": [], "mems_leaky_single": [], "mems_leaky_multi": [], "mems_state_single": [], "mems_state_multi": [], "mems_gen2_single": [], "mems_gen2_multi": []}]}