{"infer": [{"batch_size": 16, "channels": 64, "times_leaky": [0.0017021759748458863, 0.0028408639430999756, 0.0056828479766845704, 0.011847647666931152, 0.024644224166870118, 0.052869918823242185, 0.11433881378173828, 0.24388607788085936, 0.5254369506835938, 1.1323289794921876], "times_state": [0.0014807679653167725, 0.0014922879934310912, 0.00047891199588775637, 0.0018204480409622192, 0.002018304109573364, 0.001474560022354126, 0.0017759040594100951, 0.0018540799617767334, 0.0023038399219512938, 0.0022773759365081786], "mems_leaky": [0.0234375, 0.0234375, 0.0234375, 0.0234375, 0.0234375, 0.0234375, 0.0234375, 0.0234375, 0.0234375, 0.0234375], "mems_state": [0.15625, 0.328125, 0.71875, 1.5625, 3.359375, 7.25, 15.625, 33.65625, 72.515625, 158.125]}, {"batch_size": 32, "channels": 128, "times_leaky": [0.001661952018737793, 0.002964479923248291, 0.005909503936767578, 0.01238096046447754, 0.025626623153686523, 0.05485567855834961, 0.11744358062744141, 0.25324124145507815, 0.5438699340820312, 1.16469970703125], "times_state": [0.0014807039499282837, 0.0015158400535583497, 0.0018311680555343627, 0.0013702720403671264, 0.0014962559938430785, 0.0015145280361175536, 0.002123136043548584, 0.0023419198989868164, 0.0023265280723571776, 0.0025048959255218506], "mems_leaky": [0.1015625, 0.1015625, 0.1015625, 0.1015625, 0.1015625, 0.1015625, 0.1015625, 0.1015625, 0.1015625, 0.1015625], "mems_state": [0.625, 1.3125, 2.875, 6.25, 13.4375, 29.0, 64.0, 136.0, 291.03125, 625.0]}, {"batch_size": 64, "channels": 256, "times_leaky": [0.0017583999633789063, 0.0030307199954986573, 0.00590067195892334, 0.012255231857299804, 0.02549465560913086, 0.05531852722167969, 0.11822160339355468, 0.25085848999023436, 0.5332449340820312, 1.164066650390625], "times_state": [0.001431839942932129, 0.001269760012626648, 0.00048576000332832336, 0.0015380480289459229, 0.001493567943572998, 0.0021380159854888915, 0.002312191963195801, 0.0024156160354614257, 0.0026971199512481688, 0.0031733760833740233], "mems_leaky": [0.421875, 0.421875, 0.421875, 0.421875, 0.421875, 0.421875, 0.421875, 0.421875, 0.421875, 0.421875], "mems_state": [2.5, 6.125, 11.5, 25.0, 53.75, 117.0, 251.0, 539.25, 1160.25, 2502.0]}], "train": [{"batch_size": 16, "channels": 64, "times_leaky": [0.033973567962646486, 0.005916575908660889, 0.01121987247467041, 0.021536767959594725, 0.044994625091552734, 0.0963969955444336, 0.20597657775878905, 0.44082174682617187, 0.9556705322265625, 2.13931005859375], "times_state": [0.0036535680294036863, 0.003256704092025757, 0.0009748479723930359, 0.005661503791809082, 0.0041045122146606446, 0.03929801559448242, 0.0037734079360961913, 0.004380671977996826, 0.005400864124298096, 0.00582041597366333], "mems_leaky": [8.2509765625, 0.21728515625, 0.4248046875, 0.873046875, 1.82763671875, 3.89453125, 8.34375, 17.9228515625, 38.56689453125, 83.05078125], "mems_state": [0.27490234375, 0.58154296875, 1.27685546875, 2.7802734375, 6.380859375, 12.984375, 27.8359375, 59.962890625, 130.55126953125, 283.63134765625]}, {"batch_size": 32, "channels": 128, "times_leaky": [0.0033630080223083494, 0.005803008079528809, 0.01101910400390625, 0.022890495300292968, 0.04742969512939453, 0.10026787567138672, 0.2175100860595703, 0.546826416015625, 0.9845657348632812, 2.279721923828125], "times_state": [0.0033843839168548585, 0.003405503988265991, 0.004123936176300049, 0.0033785600662231447, 0.0032675840854644775, 0.004073472023010254, 0.03035647964477539, 0.006829184055328369, 0.007453695774078369, 0.007966879844665528], "mems_leaky": [0.4970703125, 0.84619140625, 1.6396484375, 3.353515625, 7.00341796875, 14.90625, 31.91796875, 68.5439453125, 147.47705078125, 317.5625], "mems_state": [1.08837890625, 2.30224609375, 5.06103515625, 12.6181640625, 23.7119140625, 51.19140625, 112.609375, 240.939453125, 513.28564453125, 1103.57666015625]}, {"batch_size": 64, "channels": 256, "times_leaky": [0.0034027519226074218, 0.005735328197479248, 0.011218943595886231, 0.02268671989440918, 0.04747980880737305, 0.10170982360839843, 0.22224266052246094, 0.5535467529296875, 1.105122314453125, 2.299552490234375], "times_state": [0.003606175899505615, 0.0034199678897857667, 0.003482784032821655, 0.003334144115447998, 0.003522559881210327, 0.004730879783630371, 0.005796927928924561, 0.0053678078651428224, 0.0061265921592712404, 0.00784281587600708], "mems_leaky": [1.9931640625, 3.37890625, 6.5283203125, 13.3310546875, 27.818359375, 59.1865234375, 126.7099609375, 272.0869140625, 585.390625, 1260.4990234375], "mems_state": [4.66845703125, 10.95947265625, 20.43408203125, 44.3212890625, 94.421875, 207.91015625, 439.3984375, 947.5166015625, 2039.47509765625, 4399.60791015625]}]}