{"infer": [{"batch_size": 64, "channels": 256, "times_state_full": [0.002646719932556152, 0.002725759983062744, 0.001994752049446106, 0.002514944076538086, 0.002975744009017944, 0.003147775888442993, 0.003479935884475708, 0.0036239359378814695, 0.0035522561073303223, 0.0042434558868408205], "mems_state_full": [1.25, 3.0, 7.375, 19.1875, 46.4375, 110.9375, 271.3125, 659.25, 1616.0, 3952.75], "times_state_k512": [0.0021943359375, 0.0026746881008148193, 0.0024995839595794676, 0.0025997118949890137, 0.002867232084274292, 0.003433471918106079, 0.003379199981689453, 0.003462496042251587, 0.004743167877197266, 0.0016066559553146362], "mems_state_k512": [1.25, 3.0, 7.375, 19.1875, 46.4375, 111.46875, 271.3125, 659.25, 1615.59375, 3952.75], "times_state_k4096": [0.0025466880798339846, 0.0027504639625549315, 0.002035712003707886, 0.003023871898651123, 0.0030611519813537598, 0.003186880111694336, 0.003348479986190796, 0.003552095890045166, 0.0040982398986816404, 0.004498432159423828], "mems_state_k4096": [1.25, 3.0, 7.375, 18.96875, 46.4375, 110.9375, 271.3125, 659.25, 1615.59375, 3952.75]}], "train": [{"batch_size": 64, "channels": 256, "times_state_full": [0.033759231567382815, 0.0074282560348510746, 0.006441984176635742, 0.008629247665405274, 0.007490560054779053, 0.00818892765045166, 0.007917888164520263, 0.008376319885253907, 0.008111519813537598, 0.012676095962524414], "mems_state_full": [10.251953125, 5.26611328125, 12.99072265625, 33.13037109375, 83.1103515625, 196.6298828125, 479.1728515625, 1164.97802734375, 2853.3232421875, 6979.28466796875], "times_state_k512": [0.006326272010803223, 0.007229440212249756, 0.006449056148529053, 0.006776159763336182, 0.007310463905334473, 0.007507199764251709, 0.0077506561279296875, 0.008042688369750977, 0.008837984085083008, 0.009168895721435547], "mems_state_k512": [2.17626953125, 5.26611328125, 12.99072265625, 32.91162109375, 83.1103515625, 185.00390625, 425.00390625, 1005.84765625, 2441.00390625, 5946.09765625], "times_state_k4096": [0.011033599853515624, 0.0018554879426956176, 0.006091775894165039, 0.006215807914733887, 0.00733900785446167, 0.00742406415939331, 0.007900000095367432, 0.003712224006652832, 0.008176863670349121, 0.00870297622680664], "mems_state_k4096": [2.17626953125, 5.26611328125, 12.99072265625, 32.91162109375, 83.1103515625, 196.6298828125, 479.1728515625, 1124.875, 2560.03125, 6065.125]}]}