{"infer": [{"batch_size": 16, "channels": 64, "times_leaky": [0.001780735969543457, 0.0029013121128082277, 0.005629183769226075, 0.011616255760192871, 0.024366079330444337, 0.05184921646118164, 0.11222016143798828, 0.2422835235595703, 0.517138427734375, 1.1166270751953125], "times_state": [0.0014918080568313598, 0.001515488028526306, 0.001471295952796936, 0.0017666879892349243, 0.0019067200422286988, 0.00048710399866104125, 0.0017950719594955445, 0.0018043520450592042, 0.0022620160579681398, 0.002245824098587036], "mems_leaky": [0.0234375, 0.0234375, 0.0234375, 0.0234375, 0.0234375, 0.0234375, 0.0234375, 0.0234375, 0.0234375, 0.0234375], "mems_state": [0.15625, 0.328125, 0.71875, 1.5625, 3.359375, 7.25, 15.625, 33.65625, 72.515625, 158.125]}, {"batch_size": 32, "channels": 128, "times_leaky": [0.001699839949607849, 0.002945183992385864, 0.005789375782012939, 0.012085375785827636, 0.026042367935180662, 0.05343231964111328, 0.11651993560791016, 0.24657305908203125, 0.5266329345703125, 1.1516669921875], "times_state": [0.0004567039906978607, 0.0014619519710540772, 0.001801983952522278, 0.001416192054748535, 0.0005263360142707824, 0.0015083520412445069, 0.0021343998908996582, 0.0022722558975219725, 0.0020931520462036135, 0.002499903917312622], "mems_leaky": [0.1015625, 0.1015625, 0.1015625, 0.1015625, 0.1015625, 0.1015625, 0.1015625, 0.1015625, 0.1015625, 0.1015625], "mems_state": [0.625, 1.3125, 2.875, 6.25, 13.4375, 29.0, 64.0, 136.0, 291.03125, 625.0]}, {"batch_size": 64, "channels": 256, "times_leaky": [0.0017213759422302246, 0.0029125120639801024, 0.005804031848907471, 0.011894783973693847, 0.024818687438964843, 0.05383270263671875, 0.11513581085205078, 0.2468343963623047, 0.5307012939453125, 1.142877197265625], "times_state": [0.0013230719566345215, 0.0014544320106506347, 0.0014501760005950928, 0.001529855966567993, 0.0006027839779853821, 0.0021291520595550536, 0.002352128028869629, 0.002381983995437622, 0.0026140480041503904, 0.0013333760499954223], "mems_leaky": [0.421875, 0.421875, 0.421875, 0.421875, 0.421875, 0.421875, 0.421875, 0.421875, 0.421875, 0.421875], "mems_state": [2.5, 6.125, 11.5, 25.0, 53.75, 117.0, 251.0, 539.25, 1160.25, 2502.0]}], "train": [{"batch_size": 16, "channels": 64, "times_leaky": [0.033070079803466795, 0.005351424217224121, 0.010434623718261718, 0.02141257667541504, 0.0444601936340332, 0.09532006072998046, 0.2038640899658203, 0.4382105712890625, 0.9404254150390625, 2.109319091796875], "times_state": [0.0036238720417022703, 0.003368096113204956, 0.003369888067245483, 0.03816531372070313, 0.004038015842437744, 0.003694591999053955, 0.0037388160228729247, 0.0038440959453582765, 0.005245984077453613, 0.005320000171661377], "mems_leaky": [8.2509765625, 0.21728515625, 0.4248046875, 0.873046875, 1.82763671875, 3.89453125, 8.34375, 17.9228515625, 38.56689453125, 83.05078125], "mems_state": [0.27490234375, 0.58154296875, 1.27685546875, 2.7802734375, 6.380859375, 12.984375, 27.8359375, 59.962890625, 130.55126953125, 283.63134765625]}, {"batch_size": 32, "channels": 128, "times_leaky": [0.0034007039070129393, 0.005703680038452149, 0.010973471641540528, 0.022365184783935548, 0.04642303848266602, 0.09951107025146484, 0.21435186767578124, 0.4546867065429688, 1.0624573974609375, 2.17735888671875], "times_state": [0.0033416318893432616, 0.0033710079193115233, 0.004160863876342773, 0.0034703359603881836, 0.0034396800994873048, 0.003948256015777588, 0.004765696048736572, 0.004983071804046631, 0.006624256134033203, 0.007960927963256837], "mems_leaky": [0.4970703125, 0.84619140625, 1.6396484375, 3.353515625, 7.00341796875, 14.90625, 31.91796875, 68.5439453125, 147.47705078125, 317.5625], "mems_state": [1.08837890625, 2.30224609375, 5.06103515625, 12.6181640625, 23.7119140625, 51.19140625, 112.609375, 240.939453125, 513.28564453125, 1103.57666015625]}, {"batch_size": 64, "channels": 256, "times_leaky": [0.0030308160781860353, 0.005392576217651367, 0.01067523193359375, 0.021933055877685546, 0.047124481201171874, 0.10016575622558593, 0.21729586791992186, 0.46578277587890626, 0.99624755859375, 2.21298779296875], "times_state": [0.0032727038860321045, 0.003131392002105713, 0.0009574400186538696, 0.003230720043182373, 0.003344383955001831, 0.030546112060546873, 0.00565123176574707, 0.00524502420425415, 0.0048189439773559575, 0.007027711868286133], "mems_leaky": [1.9931640625, 3.37890625, 6.5283203125, 13.3310546875, 27.818359375, 59.1865234375, 126.7099609375, 272.0869140625, 585.390625, 1260.4990234375], "mems_state": [4.66845703125, 10.95947265625, 20.43408203125, 44.3212890625, 94.421875, 207.91015625, 439.3984375, 947.5166015625, 2039.47509765625, 4399.60791015625]}]}