{"infer": [{"batch_size": 16, "channels": 121, "times_leaky_single": [0.0014440640211105347, 0.002905184030532837, 0.007323647975921631, 0.01930342483520508, 0.05277420806884765, 0.14796003723144532, 0.4118343811035156, 1.1531854248046876, 3.243461669921875, 8.8403623046875], "times_leaky_multi": [0.001361024022102356, 0.002940671920776367, 0.0072724480628967286, 0.019566591262817384, 0.05376716613769531, 0.1482499237060547, 0.40771380615234376, 1.1637628173828125, 3.1750419921875, 8.81594921875], "times_state_single": [0.001521664023399353, 0.0018012160062789917, 0.00187391996383667, 0.001415168046951294, 0.001837056040763855, 0.002155776023864746, 0.002353408098220825, 0.000681984007358551, 0.0009666560292243958, 0.003171328067779541], "times_state_multi": [0.00039936000108718874, 0.0014783999919891358, 0.0018216960430145264, 0.001468127965927124, 0.0018338240385055542, 0.001994879961013794, 0.004534272193908692, 0.0022765119075775146, 0.0025771839618682862, 0.0033148798942565917], "times_gen2_single": [0.00721398401260376, 0.00046380800008773805, 0.0005304319858551026, 0.0004884479939937592, 0.0006255360245704651, 0.0007253119945526123, 0.0010170880556106567, 0.0008957120180130005, 0.007282688140869141, 0.013691200256347656], "times_gen2_multi": [0.000587776005268097, 0.00039664000272750856, 0.0005707200169563294, 0.0004577279984951019, 0.00054476797580719, 0.0006434239745140075, 0.0009052159786224366, 0.0007581120133399963, 0.0010007040500640868, 0.013764320373535156], "mems_leaky_single": [0.046875, 0.046875, 0.046875, 0.046875, 0.046875, 0.046875, 0.046875, 0.046875, 0.046875, 0.046875], "mems_leaky_multi": [0.046875, 0.046875, 0.046875, 0.046875, 0.046875, 0.046875, 0.046875, 0.046875, 0.046875, 0.046875], "mems_state_single": [0.296875, 0.798828125, 2.275390625, 6.3515625, 17.6953125, 49.275390625, 137.1015625, 382.76171875, 1062.8232421875, 2955.05078125], "mems_state_multi": [0.296875, 0.798828125, 2.275390625, 6.3515625, 17.6953125, 49.275390625, 137.1015625, 382.76171875, 1062.8232421875, 2955.05078125], "mems_gen2_single": [0.6416015625, 1.7275390625, 4.9130859375, 14.2890625, 38.53955078125, 108.24560546875, 296.75439453125, 827.46142578125, 2295.82763671875, 6379.984375], "mems_gen2_multi": [0.6416015625, 1.7275390625, 4.9130859375, 14.2890625, 38.53955078125, 108.24560546875, 296.75439453125, 827.46142578125, 2295.82763671875, 6379.984375]}], "train": [{"batch_size": 16, "channels": 121, "times_leaky_single": [0.04961862564086914, 0.006074368000030517, 0.015365344047546386, 0.03979776000976563, 0.10975846099853516, 0.30500863647460935, 0.8573021240234375, 2.50228125, 7.0102880859375, 19.64141015625], "times_leaky_multi": [0.002774303913116455, 0.006152095794677734, 0.014816255569458007, 0.04035270309448242, 0.11111456298828125, 0.3059281921386719, 0.8561160888671875, 2.514227294921875, 7.07144921875, 19.949892578125], "times_state_single": [0.0038504319190979003, 0.001099776029586792, 0.0042005438804626465, 0.0037949440479278563, 0.004025343894958496, 0.005476255893707275, 0.004976704120635987, 0.005553952217102051, 0.00353056001663208, 0.015865983963012694], "times_state_multi": [0.0010587199926376343, 0.0032535679340362548, 0.0036954879760742188, 0.003379199981689453, 0.003831615924835205, 0.004665247917175293, 0.004921343803405762, 0.004635263919830322, 0.005683199882507324, 0.002718048095703125], "times_gen2_single": [0.004189184188842773, 0.0013107199668884277, 0.001466655969619751, 0.00130457603931427, 0.0013107199668884277, 0.001773568034172058, 0.001815551996231079, 0.0017797119617462159, 0.038021312713623044, 0.003375200033187866], "times_gen2_multi": [0.0012296960353851318, 0.0013687360286712648, 0.0013428800106048584, 0.0012396479845046997, 0.0012257280349731445, 0.0015930559635162355, 0.0016629760265350342, 0.05833251190185547, 0.0020653440952301027, 0.010294272422790527], "mems_leaky_single": [8.44677734375, 0.595703125, 1.4013671875, 3.625, 9.8125, 27.03759765625, 74.9423828125, 208.263671875, 579.23974609375, 1611.48876953125], "mems_leaky_multi": [0.32177734375, 0.595703125, 1.4013671875, 3.625, 9.8125, 27.03759765625, 74.9423828125, 208.263671875, 579.23974609375, 1611.48876953125], "mems_state_single": [0.517578125, 1.40380859375, 4.01171875, 12.17041015625, 31.24365234375, 87.01416015625, 242.1162109375, 676.86328125, 1877.8154296875, 5217.93017578125], "mems_state_multi": [0.52197265625, 1.416015625, 4.046875, 12.26904296875, 31.51806640625, 87.77734375, 244.37939453125, 682.775390625, 1894.2666015625, 5263.70654296875], "mems_gen2_single": [0.791015625, 2.1279296875, 6.0517578125, 18.41845703125, 47.38818359375, 132.63671875, 365.30615234375, 1020.08154296875, 2828.4169921875, 7857.8974609375], "mems_gen2_multi": [0.791015625, 2.1279296875, 6.0517578125, 18.41845703125, 47.38818359375, 132.63671875, 365.30615234375, 1019.46240234375, 2827.82861328125, 7857.8974609375]}]}