{"infer": [{"batch_size": 16, "channels": 121, "times_leaky_single": [0.0015482879877090454, 0.0029624319076538086, 0.007334911823272705, 0.02015555191040039, 0.05363097763061524, 0.147167236328125, 0.41819558715820315, 1.1562618408203125, 3.247015869140625, 8.99088671875], "times_leaky_multi": [0.001377568006515503, 0.0029327359199523926, 0.007411456108093262, 0.01978156852722168, 0.05466828918457031, 0.1488844757080078, 0.41378814697265626, 1.16843115234375, 3.197940673828125, 8.91241796875], "times_state_single": [0.0005761600136756897, 0.0006502400040626526, 0.0018020479679107667, 0.001452255964279175, 0.0018769919872283936, 0.002198528051376343, 0.0023092799186706543, 0.002385215997695923, 0.0026757121086120605, 0.0033270080089569092], "times_state_multi": [0.0013844480514526368, 0.0014964159727096557, 0.0017704960107803344, 0.001470687985420227, 0.0018258240222930907, 0.00197871994972229, 0.0007474240064620971, 0.0024443519115447997, 0.016664575576782227, 0.0030095999240875243], "times_gen2_single": [0.007453343868255615, 0.0004666559994220734, 0.0005779200196266174, 0.0004915199875831604, 0.0006351360082626343, 0.0007147520184516907, 0.0009645119905471801, 0.0009143999814987182, 0.0010622400045394898, 0.013785087585449218], "times_gen2_multi": [0.0005805439949035645, 0.00039750400185585024, 0.0005437440276145935, 0.00046563199162483215, 0.0005283839702606201, 0.0006540480256080627, 0.0009124159812927246, 0.04652864074707031, 0.0010045440196990967, 0.013828448295593262], "mems_leaky_single": [0.046875, 0.046875, 0.046875, 0.046875, 0.046875, 0.046875, 0.046875, 0.046875, 0.046875, 0.046875], "mems_leaky_multi": [0.046875, 0.046875, 0.046875, 0.046875, 0.046875, 0.046875, 0.046875, 0.046875, 0.046875, 0.046875], "mems_state_single": [0.296875, 0.798828125, 2.275390625, 6.3515625, 17.6953125, 49.275390625, 137.1015625, 382.76171875, 1062.8232421875, 2955.05078125], "mems_state_multi": [0.296875, 0.798828125, 2.275390625, 6.3515625, 17.6953125, 49.275390625, 137.1015625, 382.76171875, 1062.8232421875, 2955.05078125], "mems_gen2_single": [0.6416015625, 1.7275390625, 4.9130859375, 14.2890625, 38.53955078125, 108.24560546875, 296.75439453125, 827.46142578125, 2295.82763671875, 6379.984375], "mems_gen2_multi": [0.6416015625, 1.7275390625, 4.9130859375, 14.2890625, 38.53955078125, 108.24560546875, 296.75439453125, 827.46142578125, 2295.82763671875, 6379.984375]}], "train": [{"batch_size": 16, "channels": 121, "times_leaky_single": [0.0428851203918457, 0.006164480209350586, 0.015591423988342285, 0.04056576156616211, 0.11180134582519531, 0.31228826904296875, 0.9505259399414062, 2.578517333984375, 7.01885546875, 19.7806328125], "times_leaky_multi": [0.003018847942352295, 0.006067135810852051, 0.015483903884887695, 0.04121001434326172, 0.11663254547119141, 0.3074273376464844, 0.87261181640625, 2.547008544921875, 7.211359375, 20.1405078125], "times_state_single": [0.0013188480138778688, 0.003591808080673218, 0.0042137598991394045, 0.0037785279750823975, 0.004110335826873779, 0.0054514241218566895, 0.004985727787017822, 0.009422816276550294, 0.0051998720169067385, 0.016907264709472656], "times_state_multi": [0.0033019840717315673, 0.0031211519241333007, 0.003618815898895264, 0.00321945595741272, 0.003732480049133301, 0.004749311923980713, 0.004939487934112549, 0.06762834930419923, 0.005955935955047608, 0.002674880027770996], "times_gen2_single": [0.004026432037353516, 0.0012818880081176757, 0.0014169600009918213, 0.001341439962387085, 0.0012963839769363403, 0.0018503680229187012, 0.0018466559648513793, 0.0019505280256271362, 0.0021145598888397217, 0.003374079942703247], "times_gen2_multi": [0.0011990400552749634, 0.001228543996810913, 0.0014213119745254516, 0.0012391680479049683, 0.0012602880001068115, 0.0015932799577713013, 0.0016404479742050172, 0.001793023943901062, 0.0020256640911102295, 0.01035148811340332], "mems_leaky_single": [8.44677734375, 0.595703125, 1.4013671875, 3.625, 9.8125, 27.03759765625, 74.9423828125, 208.263671875, 579.23974609375, 1611.48876953125], "mems_leaky_multi": [0.32177734375, 0.595703125, 1.4013671875, 3.625, 9.8125, 27.03759765625, 74.9423828125, 208.263671875, 579.23974609375, 1611.48876953125], "mems_state_single": [0.517578125, 1.40380859375, 4.01171875, 12.17041015625, 31.24365234375, 87.01416015625, 242.1162109375, 676.86328125, 1877.8154296875, 5217.93017578125], "mems_state_multi": [0.52197265625, 1.416015625, 4.046875, 12.26904296875, 31.51806640625, 87.77734375, 244.37939453125, 682.775390625, 1894.2666015625, 5263.70654296875], "mems_gen2_single": [0.791015625, 2.1279296875, 6.0517578125, 18.41845703125, 47.38818359375, 132.63671875, 365.30615234375, 1020.08154296875, 2828.4169921875, 7857.8974609375], "mems_gen2_multi": [0.791015625, 2.1279296875, 6.0517578125, 18.41845703125, 47.38818359375, 132.63671875, 365.30615234375, 1019.46240234375, 2827.82861328125, 7857.8974609375]}]}