{"infer": [{"batch_size": 64, "channels": 256, "times_state_8": [0.0051333122253417966, 0.004876287937164306, 0.005216608047485352, 0.0057149438858032225, 0.004730175971984863, 0.004851712226867676, 0.0055582718849182125, 0.005620736122131348, 0.005815519809722901, 0.006025087833404541], "times_state_16": [0.0007911679744720459, 0.002722496032714844, 0.0034150400161743165, 0.0027660479545593263, 0.0030892479419708254, 0.00364851188659668, 0.00382259202003479, 0.003936255931854248, 0.004426815986633301, 0.004229407787322998], "times_state_32": [0.0024688639640808104, 0.0026849279403686525, 0.0020674560070037843, 0.002412544012069702, 0.002577408075332642, 0.0030154879093170165, 0.0030660159587860107, 0.0032921600341796874, 0.0034428160190582277, 0.003601408004760742], "mems_state_8": [0.3125, 0.65625, 1.4375, 3.125, 6.71875, 14.5, 31.625, 67.65625, 145.03125, 312.5], "mems_state_16": [0.625, 1.3125, 2.875, 6.875, 13.4375, 29.0, 64.0, 136.0, 290.0625, 625.0], "mems_state_32": [1.25, 2.625, 5.75, 12.5, 27.4375, 59.0, 126.5, 271.3125, 583.03125, 1250.0]}], "train": [{"batch_size": 64, "channels": 256, "times_state_8": [0.04002304077148437, 0.022220800399780274, 0.022564767837524414, 0.023061504364013673, 0.022330720901489257, 0.02287990379333496, 0.02347007942199707, 0.023519168853759764, 0.02339462471008301, 0.02402403259277344], "times_state_16": [0.012083200454711914, 0.011997440338134765, 0.012096159934997559, 0.011617280006408692, 0.011779071807861329, 0.012790783882141114, 0.012686047554016113, 0.012709088325500488, 0.07041433715820312, 0.013721599578857421], "times_state_32": [0.006533120155334473, 0.0070953922271728516, 0.006310912132263183, 0.001975200057029724, 0.009103232383728028, 0.007997087955474854, 0.007502880096435547, 0.008339072227478027, 0.007755775928497314, 0.008753151893615722], "mems_state_8": [8.845703125, 1.236328125, 2.59814453125, 5.6572265625, 12.1796875, 26.27734375, 57.0234375, 122.3642578125, 262.89697265625, 566.47509765625], "mems_state_16": [1.189453125, 2.32275390625, 5.10595703125, 11.1181640625, 24.734375, 51.64453125, 113.9609375, 242.2236328125, 517.67822265625, 1113.34228515625], "mems_state_32": [2.17626953125, 4.60400390625, 10.12158203125, 22.0400390625, 48.015625, 102.37890625, 224.4296875, 478.8173828125, 1029.13134765625, 2207.07666015625]}]}