{"infer": [{"batch_size": 64, "channels": 256, "times_state_8": [0.005205183982849121, 0.004909088134765625, 0.005369855880737305, 0.005659776210784912, 0.005096447944641113, 0.004814176082611084, 0.005744639873504639, 0.006008480072021484, 0.007620607852935791, 0.006088704109191895], "times_state_16": [0.0031674239635467527, 0.0031210880279541014, 0.0035143680572509764, 0.003653599977493286, 0.0011844160556793214, 0.003664896011352539, 0.002129024028778076, 0.06979475402832032, 0.004601503849029541, 0.0041472001075744626], "times_state_32": [0.0024790399074554443, 0.002725759983062744, 0.0005894399881362915, 0.0025067520141601562, 0.002555488109588623, 0.0029593279361724853, 0.003196671962738037, 0.003472480058670044, 0.0036085119247436523, 0.003915776014328003], "mems_state_8": [0.3125, 0.65625, 1.4375, 3.125, 6.71875, 14.5, 31.625, 67.65625, 145.03125, 312.5], "mems_state_16": [0.625, 1.3125, 2.875, 6.875, 13.4375, 29.0, 64.0, 136.0, 290.0625, 625.0], "mems_state_32": [1.25, 2.625, 5.75, 12.5, 27.4375, 59.0, 126.5, 271.3125, 583.03125, 1250.0]}], "train": [{"batch_size": 64, "channels": 256, "times_state_8": [0.09958707427978515, 0.018115583419799804, 0.02273414421081543, 0.019165088653564453, 0.022530336380004883, 0.024555744171142577, 0.02391961669921875, 0.009324543952941895, 0.022992895126342772, 0.023891712188720705], "times_state_16": [0.01205241584777832, 0.011785216331481933, 0.012348671913146973, 0.011884639739990235, 0.012153056144714356, 0.007834911823272705, 0.008089664459228516, 0.008823936462402343, 0.03618099212646484, 0.013774847984313965], "times_state_32": [0.0065484800338745115, 0.007203680038452148, 0.006603775978088379, 0.006428671836853027, 0.009465855598449707, 0.007095935821533203, 0.0068618240356445315, 0.008478752136230469, 0.007967743873596191, 0.008958047866821289], "mems_state_8": [8.845703125, 1.236328125, 2.59814453125, 5.6572265625, 12.1796875, 26.27734375, 57.0234375, 122.3642578125, 262.89697265625, 566.47509765625], "mems_state_16": [1.189453125, 2.32275390625, 5.10595703125, 11.1181640625, 24.734375, 51.64453125, 113.9609375, 242.2236328125, 517.67822265625, 1113.34228515625], "mems_state_32": [2.17626953125, 4.60400390625, 10.12158203125, 22.0400390625, 48.015625, 102.37890625, 224.4296875, 478.8173828125, 1029.13134765625, 2207.07666015625]}]}