{"infer": [{"batch_size": 16, "channels": 64, "times_leaky": [0.001756991982460022, 0.0028115200996398928, 0.005597184181213379, 0.01152716827392578, 0.02430476760864258, 0.05170198440551758, 0.11279462432861329, 0.23808380126953124, 0.5145538330078125, 1.115809814453125], "times_state": [0.0015025919675827027, 0.00040582400560379027, 0.0014018880128860473, 0.001854464054107666, 0.002056191921234131, 0.0014743679761886597, 0.0018311359882354737, 0.0017827839851379393, 0.002241919994354248, 0.0022568318843841553], "mems_leaky": [0.0234375, 0.0234375, 0.0234375, 0.0234375, 0.0234375, 0.0234375, 0.0234375, 0.0234375, 0.0234375, 0.0234375], "mems_state": [0.15625, 0.328125, 0.71875, 1.5625, 3.359375, 7.25, 15.625, 33.65625, 72.515625, 158.125]}, {"batch_size": 32, "channels": 128, "times_leaky": [0.0016098239421844483, 0.0028347198963165282, 0.005798783779144287, 0.012046079635620117, 0.024952831268310546, 0.053673919677734376, 0.11658665466308593, 0.2459105224609375, 0.5296260986328125, 1.141522705078125], "times_state": [0.0014786560535430908, 0.001504256010055542, 0.0018114880323410033, 0.0005724160075187683, 0.001503167986869812, 0.001457152009010315, 0.0021073920726776122, 0.0023316481113433837, 0.002342560052871704, 0.002424959897994995], "mems_leaky": [0.1015625, 0.1015625, 0.1015625, 0.1015625, 0.1015625, 0.1015625, 0.1015625, 0.1015625, 0.1015625, 0.1015625], "mems_state": [0.625, 1.3125, 2.875, 6.25, 13.4375, 29.0, 64.0, 136.0, 291.03125, 625.0]}, {"batch_size": 64, "channels": 256, "times_leaky": [0.0016844799518585204, 0.0029305601119995117, 0.005803264141082763, 0.01197219181060791, 0.02494588851928711, 0.05354905700683594, 0.11559117126464843, 0.24434959411621093, 0.5280481567382812, 1.1340052490234376], "times_state": [0.0014659839868545533, 0.001532703995704651, 0.0014295040369033815, 0.001597440004348755, 0.0015124160051345826, 0.002140160083770752, 0.0026484479904174806, 0.0024780800342559814, 0.002574336051940918, 0.0031521599292755127], "mems_leaky": [0.421875, 0.421875, 0.421875, 0.421875, 0.421875, 0.421875, 0.421875, 0.421875, 0.421875, 0.421875], "mems_state": [2.5, 6.125, 11.5, 25.0, 53.75, 117.0, 251.0, 539.25, 1160.25, 2502.0]}], "train": [{"batch_size": 16, "channels": 64, "times_leaky": [0.031457279205322264, 0.005376992225646973, 0.010527584075927734, 0.021329631805419923, 0.04437203216552734, 0.09451725006103516, 0.20133888244628906, 0.4361963500976562, 0.9457887573242187, 2.1299609375], "times_state": [0.0036740479469299318, 0.0032532479763031008, 0.0032296960353851317, 0.005855231761932373, 0.003998719930648804, 0.0012757760286331177, 0.003708928108215332, 0.004263936042785644, 0.005141503810882568, 0.005557248115539551], "mems_leaky": [8.2509765625, 0.21728515625, 0.4248046875, 0.873046875, 1.82763671875, 3.89453125, 8.34375, 17.9228515625, 38.56689453125, 83.05078125], "mems_state": [0.27490234375, 0.58154296875, 1.27685546875, 2.7802734375, 6.380859375, 12.984375, 27.8359375, 59.962890625, 130.55126953125, 283.63134765625]}, {"batch_size": 32, "channels": 128, "times_leaky": [0.003088543891906738, 0.005545887947082519, 0.010670111656188965, 0.022756351470947265, 0.04735385513305664, 0.09875251007080078, 0.21511155700683593, 0.4540233154296875, 1.0516572265625, 2.176154541015625], "times_state": [0.0032296960353851317, 0.0008275520205497742, 0.0038686718940734864, 0.0034520959854125975, 0.0037427198886871337, 0.003774463891983032, 0.004323328018188476, 0.004597760200500488, 0.005831071853637695, 0.007921664237976075], "mems_leaky": [0.4970703125, 0.84619140625, 1.6396484375, 3.353515625, 7.00341796875, 14.90625, 31.91796875, 68.5439453125, 147.47705078125, 317.5625], "mems_state": [1.08837890625, 2.30224609375, 5.06103515625, 12.6181640625, 23.7119140625, 51.19140625, 112.609375, 240.939453125, 513.28564453125, 1103.57666015625]}, {"batch_size": 64, "channels": 256, "times_leaky": [0.0032799360752105715, 0.005586944103240967, 0.011009023666381837, 0.02585990333557129, 0.04884889602661133, 0.10226876831054688, 0.22068121337890625, 0.4632719421386719, 1.0001876831054688, 2.21382763671875], "times_state": [0.0035932800769805907, 0.0034369280338287355, 0.003506175994873047, 0.0034526400566101075, 0.0036577279567718505, 0.004782464027404785, 0.005784575939178467, 0.005694111824035644, 0.007190783977508545, 0.008816639900207519], "mems_leaky": [1.9931640625, 3.37890625, 6.5283203125, 13.3310546875, 27.818359375, 59.1865234375, 126.7099609375, 272.0869140625, 585.390625, 1260.4990234375], "mems_state": [4.66845703125, 10.95947265625, 20.43408203125, 44.3212890625, 94.421875, 207.91015625, 439.3984375, 947.5166015625, 2039.47509765625, 4399.60791015625]}]}